Date,T_degC,PO4uM,SiO3uM,NO2uM,NO3uM,Salnty,O2ml_L
04/30/2010,7.60,2.13,47.40,0.00,30.70,33.96,2.19
04/13/2007,7.75,2.21,47.00,0.00,31.80,34.02,2.56
08/28/2008,7.83,1.96,43.00,0.00,29.60,33.97,3.09
04/10/2006,7.84,2.34,45.80,0.01,29.10,33.82,2.25
07/08/2007,7.84,2.15,45.00,0.00,31.50,34.02,2.37
04/25/2007,7.91,2.14,45.10,0.00,31.00,34.02,2.70
07/09/2007,7.93,2.15,44.40,0.00,31.30,34.02,2.34
07/16/2006,7.95,2.28,45.80,0.00,32.90,33.76,2.12
01/30/2010,7.96,2.59,51.00,0.00,34.10,34.14,1.60
11/06/2009,8.01,2.40,48.00,0.02,32.20,34.08,1.98
03/18/2009,8.04,2.07,42.00,0.00,30.00,34.01,2.82
08/07/2010,8.05,1.79,36.00,0.13,26.30,33.73,3.50
07/07/2013,8.13,1.84,41.30,0.00,26.70,33.64,3.25
04/17/2006,8.16,2.19,41.40,0.00,27.30,33.65,2.66
04/24/2007,8.16,2.04,42.00,0.00,29.70,34.02,2.93
10/27/2000,8.19,1.87,63.00,0.00,27.90,33.99,3.45
01/30/2002,8.19,3.32,46.90,0.01,30.80,33.95,1.83
07/15/2006,8.23,2.06,39.70,0.00,29.80,33.68,2.88
11/01/2006,8.24,1.85,36.90,0.00,27.80,33.68,3.25
04/09/2006,8.26,2.12,39.60,0.02,27.40,33.76,2.80
01/09/2009,8.29,2.48,48.00,0.01,33.00,34.16,1.89
07/11/2007,8.31,2.15,42.00,0.00,30.60,34.02,2.26
07/10/2002,8.32,2.43,39.30,0.02,27.40,33.67,2.70
11/21/2002,8.32,2.20,36.50,0.00,26.70,33.56,2.98
04/19/2000,8.34,2.56,86.00,0.00,32.40,34.14,1.81
10/22/2008,8.37,2.32,44.00,0.00,31.60,34.12,1.98
08/29/2008,8.39,1.63,32.00,0.00,24.90,33.91,3.66
07/03/2002,8.40,2.69,43.80,0.01,25.40,34.11,2.01
05/01/2010,8.40,2.01,38.80,0.00,28.30,33.92,2.76
04/09/2006,8.42,2.04,36.10,0.03,26.50,33.73,2.92
04/29/2007,8.42,1.77,35.00,0.00,26.20,33.94,3.25
04/16/2006,8.43,2.06,38.10,0.00,26.30,33.58,2.81
06/29/2007,8.44,1.65,30.80,0.00,24.20,33.31,3.84
11/03/2001,8.45,3.01,44.50,0.02,31.00,34.09,1.83
01/13/2010,8.48,2.16,43.00,0.00,28.70,33.91,3.27
02/01/2010,8.48,2.35,44.00,0.00,31.00,34.09,2.00
01/30/2014,8.49,1.96,40.50,0.01,26.00,33.86,3.00
07/18/2006,8.50,1.97,35.70,0.00,28.00,33.64,3.25
03/12/2009,8.50,1.68,32.00,0.01,25.70,33.88,3.56
04/23/2011,8.51,2.02,39.60,0.01,33.30,34.10,2.18
07/17/2002,8.52,2.37,37.70,0.01,27.30,33.64,2.66
04/13/2000,8.53,2.24,74.00,0.00,31.00,34.13,1.83
10/15/2000,8.53,2.27,80.00,0.00,26.30,34.14,2.27
07/12/2000,8.57,2.11,78.00,0.06,26.60,34.13,2.25
04/07/2008,8.58,2.10,39.90,0.00,29.80,33.78,2.48
08/24/2008,8.58,1.93,35.00,0.00,27.80,33.97,2.94
03/15/2009,8.58,1.93,35.00,0.00,28.20,33.94,3.04
01/29/2002,8.61,2.87,40.60,0.01,28.40,33.83,2.30
01/13/2009,8.61,2.24,44.00,0.00,31.20,34.17,1.97
03/29/2008,8.62,2.35,47.00,0.00,32.20,34.21,1.65
01/18/2011,8.63,2.18,44.00,0.04,29.60,34.19,1.65
08/03/2011,8.63,1.65,28.00,0.03,26.00,33.69,3.49
08/03/2009,8.65,1.63,31.00,0.01,25.00,33.85,3.65
04/15/2006,8.68,1.93,34.80,0.00,25.30,33.51,3.04
07/10/2007,8.69,2.06,39.60,0.00,29.90,33.99,2.50
01/08/2009,8.69,2.15,41.00,0.00,29.70,34.09,2.42
04/28/2007,8.70,1.79,33.00,0.00,25.80,33.90,3.15
07/25/2009,8.70,1.77,33.00,0.00,26.80,33.88,3.70
04/07/2000,8.71,2.16,73.00,0.00,30.50,34.14,2.53
04/18/2000,8.71,2.32,71.00,0.00,30.00,34.07,2.53
05/02/2010,8.73,1.94,34.10,0.00,26.10,33.90,3.21
10/31/2006,8.74,1.85,34.30,0.00,27.00,33.65,3.08
11/10/2009,8.74,2.26,40.00,0.01,29.50,34.06,2.24
07/12/2007,8.75,2.04,39.00,0.00,29.70,33.97,2.56
01/08/2017,8.75,1.77,35.20,0.04,25.20,33.72,2.74
01/15/2007,8.76,1.76,31.90,0.00,25.10,33.87,3.25
04/08/2006,8.77,2.01,33.40,0.06,25.40,33.70,3.07
11/15/2013,8.77,1.74,30.00,0.00,23.10,33.52,3.24
04/15/2003,8.79,2.38,35.60,0.00,26.60,34.07,2.69
08/06/2010,8.80,1.58,28.70,0.04,21.60,33.67,3.70
01/20/2013,8.80,1.82,40.50,0.02,25.50,34.04,2.04
04/08/2001,8.83,2.00,62.00,0.00,30.50,34.03,3.04
01/10/2008,8.83,2.04,36.80,0.00,28.70,33.74,2.60
04/21/2013,8.83,2.08,43.20,0.02,25.00,34.08,1.83
10/21/2008,8.84,2.04,36.00,0.00,28.30,34.05,2.60
07/21/2016,8.84,1.75,32.70,0.13,16.90,33.50,3.08
10/16/2008,8.85,2.01,36.00,0.00,28.60,34.04,2.67
04/12/2000,8.86,1.76,53.00,0.00,26.40,33.92,2.32
01/16/2009,8.86,2.10,39.00,0.00,29.00,34.03,2.43
07/01/2000,8.87,2.46,85.00,0.00,30.50,34.23,1.72
07/02/2002,8.87,2.28,34.00,0.03,24.50,34.04,2.83
01/21/2008,8.87,2.50,43.90,0.00,33.10,33.77,1.61
07/27/2009,8.87,1.66,29.00,0.00,25.00,33.83,3.71
04/12/2013,8.87,1.84,43.00,0.02,27.30,33.80,2.16
07/24/2001,8.88,2.68,39.80,0.12,29.30,34.04,2.09
03/19/2009,8.88,1.82,31.00,0.00,24.70,33.87,3.22
10/29/2015,8.88,2.04,37.50,0.03,22.10,33.66,2.59
04/12/2002,8.89,2.28,33.90,0.03,24.50,34.03,2.83
10/18/2011,8.89,2.67,58.00,0.01,38.30,34.17,1.45
04/14/2011,8.90,1.73,29.00,0.01,26.10,33.86,3.27
01/14/2007,8.91,1.66,29.00,0.00,23.50,33.81,3.55
04/15/2011,8.91,1.73,28.80,0.01,26.10,33.85,3.28
10/16/2011,8.91,2.68,57.80,0.03,38.50,34.17,1.47
07/07/2000,8.92,2.08,75.00,0.00,25.40,34.15,2.52
07/13/2007,8.92,1.88,35.00,0.00,27.60,33.89,2.87
04/25/2011,8.92,1.87,34.80,0.01,30.80,34.04,2.47
04/04/2006,8.93,2.46,42.00,0.25,26.70,33.92,2.23
07/19/2006,8.93,1.88,32.30,0.04,26.20,33.60,3.72
05/04/2010,8.94,1.73,26.20,0.00,22.10,33.73,3.77
03/30/2008,8.95,2.15,41.00,0.00,30.20,34.15,2.15
01/19/2011,8.96,2.08,39.80,0.05,28.10,34.12,2.07
11/02/2001,8.97,2.73,37.00,0.03,28.40,34.04,2.39
04/07/2013,8.97,1.60,38.40,0.05,23.40,33.70,2.62
04/03/2007,8.98,1.87,34.60,0.00,27.50,33.88,2.93
10/28/2012,8.99,2.09,38.10,0.01,27.70,33.58,2.37
10/17/2011,9.00,2.70,57.00,0.09,39.30,34.15,1.54
07/10/2016,9.00,1.71,32.00,0.02,21.30,33.72,3.15
11/01/2001,9.02,2.73,36.60,0.03,28.20,34.02,2.41
11/01/2011,9.04,2.09,40.60,0.04,28.10,34.09,1.92
04/03/2008,9.05,2.10,40.00,0.00,29.60,34.12,2.20
11/09/2010,9.05,1.54,25.30,0.02,24.10,33.75,3.85
07/16/2002,9.07,2.10,29.90,0.02,24.80,33.53,3.33
10/14/2000,9.08,1.79,54.00,0.00,21.60,33.93,3.23
01/15/2008,9.08,2.23,38.70,0.00,30.60,33.70,2.09
01/21/2013,9.08,1.69,35.40,0.01,24.20,34.00,2.41
11/10/2007,9.09,2.17,38.80,0.03,29.10,33.56,2.09
01/19/2009,9.09,2.15,37.00,0.00,29.50,34.10,2.35
01/23/2000,9.10,2.06,58.00,0.00,27.60,34.00,2.71
01/20/2001,9.11,2.00,54.00,0.00,29.70,33.96,3.22
04/03/2006,9.11,2.17,34.50,0.19,26.00,33.87,2.79
04/02/2006,9.12,2.15,34.00,0.19,26.00,33.87,2.82
08/10/2010,9.12,1.19,15.90,0.11,15.40,33.64,4.77
10/20/2011,9.12,2.31,44.30,0.01,33.20,34.04,2.01
01/09/2001,9.13,2.11,50.00,0.00,24.40,33.95,3.52
01/13/2007,9.13,1.61,27.30,0.00,22.90,33.77,3.65
04/20/2013,9.13,1.91,37.30,0.01,21.80,34.03,2.16
04/13/2013,9.14,1.48,29.90,0.03,21.00,33.66,3.35
10/27/2012,9.15,1.98,34.80,0.02,26.50,33.54,2.61
11/20/2002,9.16,2.03,27.40,0.01,23.50,33.45,3.46
01/09/2008,9.16,1.95,32.80,0.00,27.00,33.69,2.73
07/23/2009,9.16,1.57,26.00,0.01,22.30,33.71,3.80
11/23/2009,9.16,2.35,37.00,0.00,29.00,34.12,2.20
01/16/2010,9.16,1.68,38.00,0.22,24.70,33.95,2.48
08/11/2010,9.16,1.17,15.00,0.12,15.00,33.64,4.84
01/17/2010,9.17,1.68,37.80,0.24,24.70,33.95,2.50
04/26/2011,9.17,1.82,32.80,0.01,29.60,34.01,2.54
04/16/2011,9.18,1.58,24.00,0.02,23.40,33.72,3.73
07/10/2002,9.20,2.18,30.10,0.02,24.50,33.57,3.03
07/17/2012,9.20,2.06,37.70,0.00,31.20,34.01,2.00
10/26/2000,9.21,1.90,52.00,0.00,27.00,33.92,2.99
01/28/2002,9.21,2.80,34.50,0.01,26.40,33.72,2.58
06/28/2007,9.21,1.26,18.80,0.00,17.00,33.15,4.66
10/27/2008,9.21,2.15,37.00,0.00,27.90,34.10,2.36
03/28/2007,9.22,1.24,20.00,0.00,17.60,33.56,4.43
11/14/2009,9.22,2.07,33.00,0.00,27.20,34.12,2.57
01/18/2017,9.23,1.77,35.50,0.09,25.10,33.68,2.38
03/29/2007,9.24,1.57,26.20,0.00,22.30,33.71,3.86
07/30/2011,9.25,2.04,37.40,0.03,27.20,34.06,2.19
07/06/2013,9.25,1.43,23.60,0.00,19.30,33.52,4.24
02/06/2003,9.26,1.81,25.70,0.02,21.40,33.89,3.56
01/30/2007,9.26,1.88,32.00,0.00,25.70,33.58,2.82
04/13/2016,9.26,1.55,28.30,0.01,16.10,33.44,3.60
04/02/2007,9.27,1.82,31.00,0.00,25.80,33.81,3.40
01/22/2008,9.27,2.12,34.70,0.03,29.10,33.67,2.38
04/04/2008,9.28,1.99,36.00,0.00,27.70,34.03,2.40
11/21/2017,9.28,1.81,35.00,0.00,33.80,33.53,2.58
08/25/2008,9.29,1.21,19.00,0.00,15.60,33.70,4.53
03/15/2009,9.29,1.55,24.00,0.01,21.80,33.67,3.86
10/31/2001,9.30,2.71,33.80,0.03,27.00,33.90,2.59
01/23/2013,9.30,1.47,32.90,0.03,20.80,33.97,2.60
10/31/2015,9.30,1.87,31.10,0.03,19.90,33.56,3.27
10/15/2008,9.31,1.90,32.00,0.00,26.90,34.02,2.84
07/23/2001,9.33,2.68,35.00,0.13,28.20,34.09,2.36
01/16/2007,9.33,1.57,26.00,0.00,22.50,33.74,3.72
01/18/2010,9.33,1.73,33.00,0.75,24.60,33.89,2.90
04/14/2003,9.34,2.10,29.00,0.00,24.60,33.97,3.00
06/30/2000,9.35,2.35,74.00,0.00,27.50,34.20,2.01
04/12/2002,9.35,2.18,30.50,0.02,23.40,33.93,2.89
01/19/2010,9.35,1.72,33.00,0.72,24.50,33.89,2.91
01/15/2011,9.35,1.78,31.00,0.01,28.70,33.99,2.58
01/22/2011,9.35,2.06,35.40,0.01,27.50,33.98,2.25
10/21/2011,9.35,2.00,34.00,0.00,27.70,33.95,2.25
04/08/2006,9.36,1.99,30.60,0.14,24.00,33.68,3.39
10/26/2008,9.37,1.99,33.00,0.00,26.70,34.01,2.69
10/25/2012,9.37,1.87,31.70,0.03,25.40,33.52,2.85
11/11/2019,9.37,2.39,40.20,0.06,25.80,33.92,2.06
07/11/2000,9.38,1.87,64.00,0.00,23.50,34.13,2.44
04/02/2002,9.38,2.77,40.30,0.00,28.90,33.77,1.50
01/22/2013,9.38,1.41,32.00,0.03,19.80,33.97,2.67
04/21/2001,9.39,2.14,56.00,0.00,22.80,33.94,3.18
07/22/2001,9.39,2.65,34.60,0.13,28.10,34.12,2.37
03/13/2009,9.39,1.10,16.00,0.01,14.50,33.55,4.68
07/25/2004,9.40,2.46,37.30,0.01,27.50,33.75,2.09
07/29/2011,9.40,1.91,36.30,0.02,26.50,34.05,2.33
10/20/2000,9.41,2.16,64.00,0.00,28.00,34.15,2.42
04/13/2003,9.41,2.07,28.30,0.00,24.20,33.95,3.04
07/21/2006,9.41,1.78,29.90,0.14,24.40,33.56,4.24
01/21/2011,9.42,2.01,34.30,0.01,27.20,33.91,2.31
03/29/2012,9.42,2.14,38.80,0.00,32.50,34.03,1.87
04/07/2001,9.43,1.71,45.00,0.00,27.10,33.83,3.56
11/13/2009,9.43,1.93,29.00,0.00,24.20,34.03,2.80
07/28/2011,9.44,1.87,36.00,0.02,26.30,34.05,2.36
07/11/2014,9.44,1.88,36.00,0.00,28.10,34.10,2.39
10/30/2006,9.45,1.84,30.70,0.00,25.70,33.62,3.01
01/20/2009,9.45,1.96,31.00,0.00,26.60,34.03,2.71
04/14/2013,9.45,1.23,21.00,0.06,17.00,33.62,4.15
01/20/2011,9.46,1.92,32.90,0.03,26.20,33.84,2.40
07/12/2014,9.46,1.87,36.00,0.00,28.10,34.10,2.40
10/30/2001,9.47,2.64,30.80,0.04,25.70,33.81,2.86
07/09/2002,9.47,1.92,24.10,0.03,21.60,33.53,3.56
04/14/2006,9.47,1.76,27.50,0.23,21.20,33.39,4.12
11/20/2009,9.48,2.15,33.00,0.00,26.90,34.02,2.70
04/22/2013,9.48,1.71,33.00,0.00,20.30,34.01,2.44
01/07/2017,9.48,1.55,27.30,0.02,21.80,33.67,3.21
05/03/2010,9.49,1.67,22.30,0.32,20.20,33.58,4.52
01/14/2011,9.49,1.73,28.70,0.02,27.70,33.91,2.75
04/11/2013,9.49,1.21,19.60,0.06,16.60,33.58,4.25
01/27/2002,9.50,2.55,31.40,0.01,25.60,33.66,2.82
01/08/2008,9.50,1.75,27.70,0.00,24.10,33.65,3.11
08/06/2011,9.51,1.15,14.60,0.07,16.30,33.61,4.50
03/30/2012,9.51,1.98,35.70,0.00,31.30,33.97,2.21
05/06/2010,9.52,1.77,31.00,0.31,22.30,33.84,3.66
01/15/2001,9.53,1.84,48.00,0.00,24.00,33.92,2.28
10/22/2006,9.54,0.95,13.60,0.03,12.20,33.15,5.08
04/04/2007,9.54,1.09,15.90,0.07,14.30,33.37,4.84
01/25/2008,9.54,1.01,15.10,0.00,13.50,33.32,4.49
04/11/2015,9.54,1.66,28.90,0.02,20.80,33.69,3.00
07/14/2014,9.55,1.84,36.00,0.00,28.00,34.07,2.46
07/15/2019,9.55,2.31,34.50,0.01,23.90,33.91,2.38
01/20/2008,9.56,1.95,29.40,0.08,26.50,33.65,2.77
07/19/2012,9.56,2.01,33.70,0.00,29.20,33.94,2.40
04/23/2013,9.56,1.66,32.00,0.00,19.90,34.01,2.52
01/29/2007,9.57,1.62,25.70,0.02,22.60,33.54,3.77
07/10/2013,9.59,1.31,18.30,0.00,16.60,33.46,4.59
07/11/2016,9.59,1.36,22.00,0.02,17.20,33.60,3.87
10/25/2003,9.60,2.65,38.70,0.00,29.20,33.88,1.68
01/29/2011,9.60,1.87,31.00,0.02,24.20,33.97,2.51
01/30/2011,9.61,1.87,30.80,0.02,24.00,33.96,2.53
11/01/2012,9.61,1.95,34.60,0.08,27.90,34.04,2.27
07/11/2013,9.62,1.30,18.00,0.00,16.40,33.30,4.61
11/09/2015,9.62,1.58,23.50,0.00,14.80,33.58,3.53
01/23/2011,9.63,1.88,30.10,0.02,24.70,33.77,2.73
04/19/2011,9.63,1.23,16.20,0.06,16.50,33.63,4.48
07/13/2001,9.64,1.74,43.00,0.00,19.80,33.93,3.72
11/17/2013,9.64,1.41,19.20,0.01,16.90,33.41,4.14
07/13/2014,9.64,1.84,35.00,0.00,27.30,33.96,2.51
11/19/2002,9.65,1.80,21.60,0.02,20.40,33.41,3.86
07/02/2007,9.65,1.02,13.30,0.00,11.50,33.08,5.18
07/29/2009,9.65,1.16,16.00,0.01,15.40,33.50,4.48
01/18/2005,9.68,2.35,34.00,0.03,27.10,34.16,2.20
04/13/2015,9.68,1.41,23.20,0.02,18.00,33.63,3.68
01/31/2010,9.69,1.55,24.00,0.09,20.00,33.79,3.60
07/06/2000,9.70,1.92,62.00,0.00,23.80,34.09,2.41
01/19/2005,9.70,2.32,33.40,0.03,26.80,34.14,2.24
10/22/2011,9.70,1.89,30.50,0.00,25.10,33.86,2.57
03/31/2012,9.70,1.90,32.80,0.00,30.00,33.95,2.42
03/31/2008,9.71,1.66,28.00,0.00,23.50,33.89,3.26
10/29/2001,9.72,2.40,26.30,0.11,23.50,33.75,3.37
01/29/2014,9.72,1.40,21.10,0.01,15.30,33.58,4.15
04/11/2002,9.73,2.07,27.20,0.03,22.10,33.83,3.01
04/01/2006,9.73,2.10,23.00,0.13,20.60,33.79,3.54
11/12/2007,9.73,1.75,27.40,0.00,23.00,33.41,3.13
10/31/2015,9.73,1.55,22.80,0.04,16.40,33.52,3.79
07/15/2002,9.74,1.81,22.30,0.03,20.50,33.49,3.84
02/06/2012,9.74,1.76,28.00,0.11,23.00,33.90,2.80
07/21/2001,9.75,2.40,31.60,0.14,26.80,34.21,2.58
05/01/2005,9.75,2.74,41.30,0.01,28.50,33.88,1.28
01/24/2010,9.75,1.58,30.00,0.20,20.50,33.80,3.47
02/07/2012,9.75,1.76,27.80,0.10,23.00,33.89,2.81
01/26/2015,9.75,2.19,34.70,0.01,24.80,34.03,2.39
11/15/2016,9.75,1.94,35.50,0.06,24.60,33.54,2.26
04/03/2014,9.76,1.65,27.00,0.03,16.60,33.84,3.11
10/31/2010,9.77,1.84,29.00,0.03,22.30,33.90,2.79
01/26/2002,9.79,2.31,27.50,0.02,24.10,33.61,3.14
10/30/2010,9.79,1.84,28.90,0.03,22.30,33.90,2.81
07/15/2014,9.80,1.65,31.10,0.00,24.60,33.87,2.80
07/22/2009,9.81,1.02,14.00,0.01,13.10,33.43,4.90
01/23/2010,9.81,1.56,29.50,0.20,20.20,33.80,3.53
07/27/2011,9.81,1.73,29.00,0.08,22.80,33.89,2.92
07/20/2012,9.81,1.83,29.90,0.00,26.90,33.90,2.58
01/13/2013,9.81,1.53,27.10,0.00,18.20,33.83,2.97
07/24/2016,9.81,0.96,18.30,0.01,8.20,33.38,4.19
01/19/2017,9.82,1.56,28.40,0.07,22.70,33.56,2.78
04/01/2002,9.83,2.45,33.10,0.00,26.30,33.65,2.16
01/20/2007,9.84,1.49,22.80,0.05,21.10,33.69,4.02
04/01/2012,9.85,1.85,30.00,0.00,28.50,33.93,2.64
07/24/2004,9.86,2.28,28.50,0.01,23.90,33.64,2.89
11/04/2015,9.86,1.40,18.60,0.13,11.50,33.54,4.05
06/29/2000,9.88,1.92,52.00,0.00,24.70,33.94,2.76
04/05/2007,9.88,0.97,13.00,0.13,11.50,33.23,5.15
11/14/2017,9.88,1.28,23.90,0.01,18.60,33.63,2.86
07/16/2019,9.88,2.00,26.40,0.10,21.10,33.75,3.50
01/24/2013,9.89,1.22,25.80,0.01,17.00,33.80,3.14
10/19/2000,9.90,1.87,48.00,0.00,24.00,33.99,2.97
01/13/2011,9.91,1.57,23.30,0.05,24.80,33.77,3.23
04/06/2012,9.91,1.79,28.50,0.00,27.70,33.85,2.79
01/06/2017,9.94,1.42,23.20,0.03,19.80,33.65,3.37
04/07/2002,9.95,2.49,34.30,0.01,25.80,34.16,2.04
01/07/2008,9.97,1.46,22.30,0.08,19.90,33.62,3.77
01/24/2011,9.97,1.74,25.70,0.04,23.20,33.71,3.09
01/29/2012,9.98,1.74,28.10,0.00,26.50,33.82,2.88
07/21/2012,9.98,1.68,27.20,0.00,24.20,33.86,2.68
07/09/2002,9.99,1.60,17.70,0.04,17.50,33.49,4.27
08/14/2008,10.00,1.05,11.00,0.06,9.00,33.76,5.00
02/09/2012,10.00,1.69,25.30,0.10,22.10,33.80,3.08
11/03/2012,10.00,1.84,29.50,0.04,25.40,33.94,2.59
04/10/2001,10.01,1.55,38.00,0.00,23.40,33.87,3.66
07/20/2001,10.01,2.07,26.70,0.16,24.10,34.22,3.11
10/29/2010,10.01,1.81,26.80,0.05,21.90,33.85,3.08
07/14/2016,10.01,1.08,15.90,0.03,13.40,33.54,4.45
04/07/2006,10.02,1.79,23.00,0.16,17.90,33.65,3.93
01/15/2015,10.02,1.76,34.40,0.03,24.30,33.75,2.11
01/14/2016,10.03,1.20,16.60,0.06,10.30,33.55,4.44
01/08/2001,10.04,1.34,23.00,0.00,14.20,33.59,4.77
02/07/2002,10.04,2.42,31.40,0.03,25.40,33.88,2.23
04/07/2002,10.04,2.49,34.00,0.01,25.70,34.16,2.02
07/23/2012,10.05,1.63,26.00,0.00,23.10,33.85,2.72
02/14/2003,10.06,1.83,23.10,0.05,21.10,33.90,3.40
11/13/2007,10.06,1.38,19.20,0.03,17.10,33.34,4.17
03/31/2002,10.07,2.21,28.30,0.01,24.30,33.59,2.59
04/11/2002,10.07,1.87,22.60,0.08,20.10,33.74,3.46
10/29/2006,10.07,1.67,25.40,0.03,22.50,33.59,3.55
04/02/2014,10.08,1.51,22.00,0.03,14.30,33.69,3.55
02/06/2002,10.10,2.38,31.00,0.04,25.00,33.82,2.30
08/07/2011,10.10,0.92,9.00,0.13,11.40,33.58,4.97
01/19/2007,10.11,1.44,21.00,0.07,20.00,33.66,4.22
04/11/2001,10.12,2.32,63.00,0.00,32.20,34.25,2.11
03/10/2009,10.12,0.83,11.00,0.01,9.00,33.40,5.11
02/05/2002,10.13,2.31,30.40,0.04,23.70,33.76,2.36
10/21/2006,10.13,0.60,6.70,0.04,5.30,33.08,5.60
04/14/2015,10.13,1.16,17.00,0.02,14.20,33.57,4.23
04/13/2003,10.15,1.75,21.80,0.02,19.60,33.82,3.52
04/24/2003,10.15,2.61,35.50,0.00,26.80,33.68,1.90
11/04/2012,10.15,1.77,26.90,0.07,23.90,33.90,2.72
02/15/2003,10.16,2.25,31.00,0.14,25.60,34.04,2.24
01/28/2012,10.16,1.67,25.70,0.00,25.10,33.77,3.04
08/08/2011,10.17,0.92,9.00,0.15,11.30,33.56,5.05
11/10/2019,10.17,2.03,30.30,0.01,22.40,33.78,2.78
01/28/2007,10.18,1.40,20.40,0.13,18.70,33.50,4.63
11/16/2016,10.18,1.55,26.00,0.04,20.10,33.41,3.19
03/30/2017,10.18,2.27,40.00,0.15,22.00,34.27,1.32
04/17/2005,10.19,2.42,36.80,0.08,26.80,33.84,1.66
04/24/2005,10.19,2.44,33.80,0.03,26.20,33.81,1.87
04/04/2012,10.19,1.54,21.90,0.03,23.10,33.68,3.50
07/22/2012,10.19,1.59,23.80,0.00,22.20,33.78,3.02
04/11/2017,10.19,1.25,17.20,0.01,8.90,34.36,4.19
02/04/2002,10.20,2.06,26.00,0.03,20.10,33.71,2.65
04/03/2004,10.20,2.59,36.60,0.09,27.70,33.76,1.63
10/28/2010,10.20,1.68,23.90,0.06,20.20,33.80,3.39
02/07/2006,10.21,1.82,11.00,0.11,13.90,33.74,4.07
07/21/2014,10.21,1.42,25.10,0.01,20.80,33.77,3.27
08/13/2010,10.22,1.29,15.00,0.61,15.00,33.40,4.77
11/10/2014,10.22,2.14,31.60,0.01,24.00,33.85,2.32
01/27/2015,10.22,2.10,31.80,0.02,23.60,33.98,2.31
07/17/2019,10.23,1.80,22.10,0.04,18.60,33.67,3.77
04/23/2003,10.24,2.16,26.60,0.01,22.30,33.50,2.93
04/14/2001,10.25,1.28,29.00,0.03,16.40,33.65,4.24
07/12/2012,10.25,1.71,25.00,0.09,22.90,33.87,2.87
07/19/2015,10.25,2.20,32.00,0.03,24.20,34.03,2.37
01/16/2004,10.26,2.61,39.00,0.04,28.20,34.29,1.41
07/20/2015,10.26,2.28,34.60,0.02,25.60,34.04,2.00
01/16/2015,10.27,1.66,27.80,0.01,21.20,33.64,2.71
04/07/2015,10.27,2.09,29.90,0.03,23.30,33.93,2.61
07/21/2015,10.27,2.40,36.00,0.02,26.50,34.06,1.73
01/20/2017,10.27,1.40,23.30,0.08,20.00,33.51,3.12
10/24/2003,10.28,2.34,30.70,0.01,26.20,33.77,2.19
01/15/2004,10.28,2.61,38.60,0.04,28.20,34.29,1.43
11/01/2010,10.28,1.65,23.00,0.06,19.60,33.79,3.47
07/11/2012,10.28,1.65,23.50,0.09,22.30,33.98,3.11
11/05/2004,10.29,1.84,22.60,0.02,20.90,33.80,3.33
10/28/2006,10.29,1.26,18.30,0.24,16.40,33.56,4.71
08/03/2017,10.29,1.35,21.10,0.00,24.80,33.44,3.61
11/13/2019,10.29,1.78,25.70,0.02,20.20,33.71,3.34
07/26/2004,10.30,2.01,24.50,0.01,21.90,33.59,3.14
10/27/2006,10.30,1.24,18.00,0.25,16.10,33.56,4.77
01/31/2012,10.30,1.58,23.20,0.01,23.50,33.72,3.24
04/06/2002,10.32,2.36,30.20,0.02,24.00,33.98,2.33
10/25/2011,10.33,1.55,23.80,0.00,19.50,33.77,3.24
04/06/2015,10.35,1.61,21.00,0.07,18.50,33.71,3.61
04/25/2008,10.36,1.41,18.00,0.09,16.80,33.65,4.72
01/06/2005,10.37,2.37,31.90,0.01,25.30,33.74,2.14
02/05/2003,10.38,1.16,12.50,0.03,12.00,33.69,4.72
07/19/2001,10.39,1.74,20.30,0.20,20.00,34.15,3.79
07/20/2006,10.39,1.23,16.60,0.04,14.40,33.49,5.80
01/16/2008,10.39,1.59,21.80,0.12,20.40,33.63,3.53
02/08/2012,10.39,1.63,22.70,0.21,20.50,33.71,3.47
01/28/2015,10.39,2.03,30.70,0.02,23.00,33.96,2.37
11/11/2010,10.40,1.03,10.90,0.04,13.20,33.44,4.85
04/02/2004,10.43,2.32,30.80,0.01,25.10,33.64,2.33
04/08/2013,10.43,0.72,10.60,0.06,8.10,33.46,5.01
11/14/2019,10.43,1.58,22.00,0.03,18.00,33.67,3.76
04/15/2001,10.44,2.24,62.00,0.00,25.90,34.25,1.98
11/08/2014,10.44,1.90,25.90,0.02,21.50,33.71,2.89
07/03/2007,10.45,0.69,7.30,0.00,5.10,33.01,5.88
07/15/2009,10.45,0.99,15.00,0.00,12.90,33.73,4.89
04/22/2000,10.46,1.58,36.00,0.02,18.70,33.72,3.69
02/13/2003,10.46,1.25,13.20,0.05,13.40,33.78,4.58
01/14/2004,10.46,2.61,36.00,0.05,27.90,34.25,1.57
07/22/2006,10.47,1.21,16.00,0.04,14.00,33.49,5.86
03/30/2002,10.48,1.99,23.50,0.04,22.00,33.53,2.95
04/03/2003,10.49,2.50,35.60,0.23,27.30,34.23,1.37
01/29/2015,10.49,1.98,30.00,0.02,22.60,33.95,2.41
11/01/2015,10.49,1.17,14.20,0.06,11.70,33.48,4.40
04/02/2008,10.50,1.35,21.00,0.00,18.60,33.74,3.83
11/16/2009,10.51,0.63,6.00,0.04,3.90,33.49,6.03
01/20/2010,10.52,1.30,24.00,0.24,15.90,33.76,4.39
10/24/2011,10.52,1.48,22.00,0.00,18.30,33.76,3.44
02/01/2012,10.52,1.44,20.00,0.04,20.70,33.68,3.62
10/23/2003,10.53,2.17,26.50,0.02,24.00,33.72,2.66
02/16/2006,10.53,2.81,40.30,0.01,27.00,33.87,0.63
07/17/2009,10.53,1.60,19.00,0.37,17.80,33.59,3.89
11/16/2013,10.53,1.05,10.90,0.01,10.30,33.36,4.98
01/09/2017,10.53,1.17,17.40,0.03,16.00,33.64,3.84
04/04/2003,10.54,2.52,36.00,0.24,27.40,34.25,1.28
01/31/2015,10.54,1.85,27.40,0.02,21.50,33.88,2.75
07/20/2019,10.54,1.64,19.00,0.00,16.40,33.62,3.99
07/03/2012,10.55,1.44,19.00,0.09,19.70,34.10,3.80
06/15/2018,10.55,2.31,37.20,0.05,28.10,33.85,1.25
01/26/2011,10.56,1.52,20.50,0.12,20.20,33.67,3.64
04/06/2002,10.59,2.14,25.40,0.04,21.80,33.83,2.79
11/06/2015,10.59,1.20,13.70,0.24,7.80,33.50,4.49
07/17/2004,10.60,1.44,17.00,0.02,9.10,34.06,4.18
01/05/2005,10.60,2.09,27.60,0.02,23.20,33.70,2.52
01/25/2013,10.60,0.88,16.70,0.01,10.80,33.68,4.07
07/16/2014,10.60,1.04,20.90,0.09,17.70,33.68,3.73
02/02/2012,10.61,1.41,19.10,0.09,19.90,33.66,3.74
01/12/2013,10.61,1.08,17.20,0.05,11.70,33.69,3.92
11/09/2009,10.62,1.41,20.00,0.17,17.10,33.71,4.03
07/21/2013,10.63,0.90,9.40,0.00,9.00,33.40,5.31
11/09/2014,10.63,1.85,24.70,0.02,20.60,33.64,2.91
01/25/2010,10.64,1.25,23.20,0.23,14.80,33.75,4.58
07/15/2016,10.64,0.81,10.00,0.07,9.30,33.49,4.98
04/05/2003,10.65,2.95,38.80,0.04,28.70,34.27,0.83
01/08/2009,10.65,1.38,20.00,0.02,17.80,33.62,3.92
01/10/2016,10.65,1.14,16.10,0.02,10.80,33.38,4.11
02/03/2002,10.66,1.56,17.00,0.07,16.60,33.65,4.18
11/18/2002,10.66,1.38,14.10,0.11,14.00,33.38,4.62
11/02/2010,10.66,1.49,18.90,0.18,17.00,33.69,3.90
04/11/2014,10.66,1.33,19.90,0.04,13.80,33.65,3.88
04/06/2007,10.67,0.44,4.00,0.21,1.60,32.89,6.11
07/21/2009,10.67,0.80,9.00,0.01,8.00,33.24,5.23
01/16/2016,10.67,0.98,12.10,0.07,8.00,33.52,4.68
07/19/2014,10.68,0.98,20.00,0.12,17.10,33.66,3.75
04/23/2005,10.69,2.38,30.20,0.02,25.30,33.79,1.93
01/13/2004,10.71,2.52,34.10,0.05,26.70,34.15,1.79
11/23/2017,10.71,0.79,13.00,0.03,11.50,33.57,4.16
07/23/2016,10.72,0.69,10.50,0.05,5.20,33.33,4.96
07/14/2002,10.73,1.42,14.40,0.11,14.60,33.44,4.48
11/15/2019,10.73,1.31,16.50,0.01,14.60,33.59,4.27
04/22/2003,10.74,1.48,15.30,0.02,14.20,33.42,4.30
01/19/2015,10.74,1.67,26.70,0.04,20.70,33.58,2.55
01/14/2001,10.75,1.20,25.00,0.00,15.00,33.62,3.25
07/24/2003,10.75,2.34,33.10,0.02,26.20,34.16,2.12
03/28/2008,10.75,1.10,12.00,0.00,13.00,33.39,5.02
07/13/2015,10.75,2.03,30.60,0.01,19.60,34.07,2.03
01/15/2009,10.76,1.35,19.00,0.14,17.10,33.66,3.84
02/01/2014,10.76,1.24,14.20,0.00,9.90,33.41,4.84
11/17/2016,10.76,1.16,17.70,0.08,14.60,33.35,4.05
04/09/2007,10.77,0.44,3.70,0.19,1.60,32.90,6.13
11/12/2014,10.77,1.79,23.40,0.02,19.50,33.57,2.97
04/05/2008,10.78,1.24,19.00,0.00,15.90,33.66,4.26
05/05/2010,10.78,1.54,17.10,0.50,16.80,33.46,5.35
08/12/2010,10.78,0.54,4.00,0.12,1.40,33.19,6.04
07/19/2019,10.78,1.48,16.00,0.00,14.30,33.56,4.36
01/12/2004,10.79,2.54,33.70,0.11,26.20,34.06,1.85
11/21/2009,10.79,1.57,16.00,0.40,15.80,33.57,3.94
11/25/2013,10.79,0.96,9.00,0.01,8.60,33.35,5.18
11/20/2014,10.79,1.64,21.00,0.13,17.40,33.82,3.47
10/20/2008,10.80,1.38,18.00,0.12,17.20,33.63,3.88
07/24/2012,10.80,1.31,16.90,0.10,17.00,33.67,3.75
11/09/2016,10.80,1.17,17.40,0.11,16.30,33.46,3.57
04/20/2001,10.81,0.88,19.00,0.00,8.70,33.62,4.94
10/28/2001,10.82,1.94,18.40,0.26,16.80,33.71,4.13
01/20/2004,10.82,2.66,36.00,0.02,27.20,34.09,1.28
11/13/2004,10.82,2.79,37.80,0.02,28.80,33.80,1.17
08/09/2011,10.82,0.96,9.00,0.24,10.40,33.42,5.66
04/19/2018,10.82,0.21,16.00,0.00,1.90,33.58,3.61
10/22/2003,10.83,1.83,20.90,0.04,20.10,33.67,3.34
07/11/2006,10.84,0.33,2.90,0.02,0.00,33.01,6.16
04/17/2005,10.85,2.00,25.00,0.02,21.30,33.77,2.62
01/30/2015,10.85,1.32,16.50,0.05,14.80,33.75,4.19
01/25/2002,10.86,1.59,14.20,0.25,14.00,33.50,4.57
01/18/2007,10.86,1.21,15.00,0.26,15.40,33.59,4.94
02/07/2018,10.86,0.41,11.40,0.00,6.00,33.76,3.95
07/23/2003,10.88,1.81,24.10,0.02,20.90,33.99,3.42
10/14/2008,10.88,1.35,18.00,0.07,16.70,33.62,3.75
04/01/2004,10.89,2.09,26.80,0.05,23.20,33.58,2.54
11/04/2004,10.90,1.30,13.80,0.04,13.80,33.60,4.28
03/29/2014,10.90,1.12,12.20,0.08,8.60,33.60,4.67
11/13/2014,10.90,1.58,21.00,0.08,17.20,33.51,3.39
01/19/2004,10.92,2.21,27.00,0.02,24.90,33.89,2.01
01/27/2008,10.92,0.66,9.00,0.08,6.60,33.26,5.03
01/11/2004,10.93,2.39,30.80,0.25,24.80,33.97,2.14
11/21/2014,10.93,1.50,19.00,0.16,15.80,33.60,3.78
01/20/2015,10.93,1.55,23.80,0.04,19.10,33.53,2.82
04/26/2005,10.96,2.18,26.20,0.04,23.40,33.76,2.23
07/12/2001,10.97,1.09,23.00,0.00,11.50,33.61,4.43
11/14/2007,10.98,0.87,10.50,0.03,8.50,33.28,5.24
01/21/2015,10.98,1.09,16.60,0.07,14.10,33.48,4.04
08/02/2017,10.98,0.96,13.10,0.01,16.30,33.39,4.43
04/10/2002,10.99,1.40,14.40,0.24,13.80,33.67,4.37
08/20/2008,10.99,0.52,22.00,0.00,6.20,33.72,3.74
02/02/2014,10.99,1.21,13.00,0.00,8.80,33.37,4.98
01/07/2000,11.00,2.23,53.00,0.00,25.30,33.90,2.11
01/24/2002,11.00,1.47,13.00,0.26,12.80,33.49,4.76
04/16/2015,11.02,0.89,10.80,0.08,9.20,33.44,4.85
01/21/2007,11.03,1.14,12.80,0.25,13.80,33.57,5.26
10/26/2012,11.06,1.29,17.20,0.37,15.90,33.53,4.34
01/05/2005,11.08,1.92,22.80,0.03,21.00,33.66,2.77
02/18/2006,11.08,2.76,36.00,0.01,27.60,33.79,0.96
11/14/2004,11.10,2.62,33.90,0.02,27.80,33.70,1.49
03/29/2002,11.11,1.61,16.70,0.11,16.70,33.47,3.78
04/12/2003,11.14,1.32,14.20,0.08,12.80,33.72,4.39
01/10/2004,11.15,2.45,29.00,0.89,22.60,33.91,2.14
10/28/2008,11.15,1.19,15.00,0.10,13.80,33.54,4.37
11/16/2004,11.16,2.37,30.00,0.03,24.90,33.65,1.99
04/24/2008,11.18,1.19,11.00,0.07,12.90,33.59,5.39
03/29/2017,11.18,1.92,30.00,0.06,20.30,34.05,1.87
01/08/2000,11.21,2.91,73.30,0.00,28.30,34.02,0.28
06/17/2018,11.23,2.00,29.80,0.07,24.90,33.81,1.80
08/15/2008,11.24,0.58,5.00,0.07,3.50,33.54,6.10
07/05/2000,11.25,0.64,14.00,0.00,7.00,33.54,5.52
07/27/2004,11.25,1.55,17.40,0.04,16.40,33.54,3.77
03/31/2004,11.26,1.70,20.30,0.06,19.10,33.53,3.23
07/08/2002,11.27,1.15,10.50,0.06,10.60,33.45,5.29
07/16/2009,11.28,1.05,11.00,0.24,9.40,33.52,5.06
01/09/2004,11.30,2.29,27.40,0.87,21.30,33.88,2.44
07/14/2015,11.31,1.69,23.30,0.02,17.00,33.94,2.75
01/22/2000,11.34,0.88,16.00,0.06,9.00,33.59,5.10
11/22/2014,11.34,1.50,16.00,0.38,13.00,33.50,4.02
04/12/2014,11.35,1.01,13.40,0.12,9.70,33.65,4.75
11/15/2004,11.37,1.71,20.10,0.05,18.40,33.60,3.34
04/06/2016,11.39,0.81,8.70,0.00,5.60,33.39,4.88
07/22/2019,11.40,1.86,26.70,0.04,23.00,33.80,2.16
04/10/2019,11.41,2.45,37.60,0.14,24.50,34.11,0.38
01/11/2008,11.42,1.05,14.00,0.23,11.40,33.58,4.72
01/21/2009,11.43,0.66,7.00,0.06,5.40,33.41,5.69
07/15/2015,11.44,1.58,21.00,0.02,16.20,33.85,2.99
11/18/2016,11.44,0.75,9.80,0.12,7.80,33.29,4.95
11/14/2014,11.45,1.09,12.00,0.31,11.10,33.86,4.52
02/07/2006,11.48,1.99,25.90,0.02,23.20,33.56,2.04
06/22/2018,11.48,2.54,39.60,0.05,28.20,34.09,0.42
04/11/2000,11.50,0.96,18.00,0.13,10.10,33.44,3.82
04/18/2011,11.50,0.67,5.50,0.13,5.20,33.56,5.49
07/17/2014,11.50,0.93,11.80,0.13,9.50,33.55,4.91
11/02/2015,11.50,0.87,8.40,0.12,7.00,33.44,4.95
10/21/2003,11.51,1.25,12.70,0.07,12.60,33.62,4.44
11/12/2005,11.51,3.26,40.00,0.00,29.20,34.67,0.17
04/17/2000,11.52,1.47,24.00,0.44,13.10,33.56,4.69
07/24/2015,11.53,1.51,19.80,0.02,15.40,33.77,3.10
07/10/2000,11.54,0.83,19.00,0.34,4.40,33.46,4.77
07/22/2003,11.55,1.17,12.20,0.04,10.80,33.80,5.00
11/11/2005,11.55,3.22,39.50,0.00,29.00,34.65,0.19
08/10/2011,11.55,0.60,3.50,0.06,2.20,33.32,6.12
04/13/2006,11.56,0.90,4.50,0.17,8.30,33.35,6.51
04/05/2015,11.56,1.05,11.40,0.19,10.40,33.63,4.78
04/02/2019,11.57,2.43,39.90,0.05,25.10,34.02,0.24
11/10/2010,11.58,0.78,6.20,0.09,7.10,33.26,5.56
04/19/2018,11.59,0.33,13.50,0.00,0.00,33.56,4.35
02/10/2012,11.60,1.23,15.80,0.24,14.20,33.64,4.30
01/18/2000,11.61,1.69,37.40,0.00,20.30,33.89,2.93
04/02/2017,11.61,1.40,24.30,0.11,15.10,33.93,2.46
10/26/2006,11.63,0.90,9.40,0.18,9.90,33.47,6.01
10/18/2008,11.63,0.77,9.00,0.16,7.10,33.45,5.21
11/22/2009,11.63,0.75,8.00,0.08,6.10,33.30,5.79
07/31/2011,11.63,1.29,17.20,0.17,14.50,33.74,4.04
07/16/2016,11.64,0.55,5.20,0.10,4.90,33.44,5.45
02/01/2007,11.65,0.91,10.00,0.16,9.20,33.43,5.57
04/22/2003,11.67,0.93,6.50,0.06,6.70,33.33,5.48
11/03/2004,11.67,0.91,8.00,0.05,8.30,33.46,4.96
01/09/2016,11.67,0.77,9.10,0.06,5.80,33.36,4.81
01/26/2010,11.68,0.84,17.00,0.10,5.10,33.71,6.27
11/12/2010,11.68,0.76,6.00,0.09,6.70,33.25,5.60
06/23/2018,11.69,2.19,32.10,0.04,26.10,34.09,1.34
02/11/2012,11.70,1.17,15.00,0.22,13.40,33.64,4.36
11/16/2019,11.71,0.76,6.50,0.03,6.20,33.48,5.32
03/30/2004,11.72,1.12,10.70,0.02,10.90,33.47,4.62
07/18/2015,11.72,1.42,18.50,0.02,14.30,33.67,3.15
11/18/2013,11.73,0.75,5.30,0.05,4.80,33.29,5.50
02/03/2014,11.74,0.92,7.30,0.05,4.30,33.27,5.46
07/18/2019,11.74,1.01,8.80,0.01,8.00,33.48,5.22
01/27/2010,11.76,0.81,16.80,0.09,4.30,33.71,6.44
01/10/2017,11.77,0.73,9.60,0.03,8.70,33.63,5.02
11/05/2015,11.78,0.69,6.50,0.28,3.90,33.47,5.35
04/16/2005,11.81,1.45,18.00,0.04,16.80,33.74,3.03
11/21/2005,11.82,3.14,37.70,0.00,30.30,34.37,1.01
04/12/2006,11.82,0.80,2.00,0.16,6.90,33.34,6.75
11/11/2009,11.82,1.60,22.00,0.14,19.50,33.57,3.54
07/22/2016,11.83,0.46,4.60,0.06,2.30,33.28,5.59
01/08/2004,11.84,1.97,23.20,0.77,18.00,33.79,2.91
10/23/2011,11.84,1.46,18.30,0.12,14.90,33.61,4.36
01/17/2016,11.84,0.70,7.80,0.08,4.60,33.49,5.08
04/10/2017,11.85,0.79,9.20,0.09,4.20,34.22,4.99
07/17/2004,11.87,0.94,8.80,0.02,4.30,33.90,5.13
01/22/2007,11.87,0.83,5.00,0.16,7.30,33.43,6.19
10/31/2003,11.89,0.94,8.50,0.11,7.40,33.50,5.13
04/28/2005,11.89,1.82,18.30,0.24,18.60,33.74,3.05
07/13/2002,11.90,0.98,8.00,0.22,7.40,33.40,5.38
02/04/2003,11.93,0.83,6.90,0.12,6.20,33.57,5.25
02/19/2006,11.93,2.69,34.10,0.01,27.80,33.76,0.82
01/11/2013,11.93,0.73,7.60,0.15,5.80,33.62,5.07
07/23/2006,11.95,0.88,9.20,0.03,9.20,33.39,6.27
11/17/2009,11.95,0.33,2.00,0.00,0.00,33.29,5.90
04/09/2019,11.97,2.05,32.60,0.24,21.60,34.10,0.86
11/08/2016,11.98,0.76,10.10,0.13,9.10,33.42,4.63
03/29/2002,11.99,0.86,6.00,0.17,6.00,33.42,5.74
07/25/2012,12.01,0.96,10.00,0.23,9.30,33.60,4.54
04/03/2017,12.01,0.91,18.70,0.11,9.70,33.82,3.15
02/20/2006,12.02,2.51,30.40,0.03,25.90,33.72,1.29
07/10/2012,12.05,0.80,6.70,0.16,8.30,33.80,5.52
02/08/2006,12.06,1.46,16.20,0.02,16.40,33.63,3.30
10/22/2012,12.06,0.54,8.40,0.02,3.50,33.64,5.10
11/24/2017,12.06,0.44,6.30,0.00,5.00,33.54,4.84
04/15/2019,12.08,1.36,26.30,0.09,12.90,34.10,1.57
01/04/2005,12.09,1.39,14.00,0.13,14.00,33.63,3.86
10/29/2008,12.12,1.57,10.00,0.19,6.80,33.49,4.67
08/14/2010,12.12,0.42,2.10,0.00,0.00,33.03,6.28
11/06/2019,12.14,0.70,10.60,0.04,7.50,33.50,4.65
04/08/2007,12.16,0.44,2.00,0.00,1.50,33.01,6.27
01/12/2008,12.16,0.65,7.40,0.12,4.90,33.61,5.96
01/28/2010,12.16,0.64,15.00,0.04,0.60,33.70,7.31
01/29/2010,12.16,0.64,15.00,0.04,0.60,33.70,7.31
08/01/2017,12.16,0.42,5.60,0.12,5.40,33.36,5.30
01/26/2008,12.19,0.37,4.70,0.12,1.10,33.21,5.52
07/04/2007,12.21,0.35,1.90,0.00,0.00,32.94,6.46
01/17/2000,12.23,1.18,22.60,0.00,12.00,33.79,3.93
04/05/2002,12.23,0.94,8.40,0.10,3.50,33.65,5.42
11/07/2005,12.23,2.04,23.90,0.00,20.80,33.68,2.08
07/17/2015,12.24,1.16,15.00,0.02,11.90,33.57,3.76
02/06/2018,12.29,0.37,6.20,0.00,4.30,33.75,4.65
11/08/2001,12.30,0.91,4.80,0.12,3.30,33.46,6.41
11/14/2005,12.31,3.02,34.60,0.01,29.90,34.21,1.32
07/10/2006,12.35,0.28,2.10,0.01,0.00,32.93,6.47
04/09/2016,12.36,0.50,4.00,0.00,1.50,33.35,5.46
11/02/2004,12.37,0.77,6.00,0.04,5.70,33.43,5.24
11/19/2016,12.37,0.43,4.50,0.14,1.90,33.23,5.68
05/13/2010,12.41,1.08,12.00,0.20,10.30,33.52,6.11
02/12/2003,12.42,0.85,7.20,0.16,5.70,33.69,5.40
04/05/2019,12.45,2.28,36.00,0.12,23.50,33.99,0.41
07/09/2005,12.46,1.62,17.70,0.05,14.20,34.12,3.29
07/12/2013,12.46,0.61,4.40,0.30,2.40,33.34,5.90
04/07/2006,12.47,0.89,3.80,0.11,6.30,33.55,6.18
11/04/2007,12.49,0.28,3.00,0.00,0.00,33.16,5.74
11/16/2007,12.49,0.38,3.80,0.01,0.20,33.21,5.96
07/04/2005,12.50,2.88,38.50,0.04,28.00,34.32,0.36
07/06/2005,12.50,2.19,35.00,0.06,22.90,34.25,1.53
07/07/2005,12.51,2.00,29.80,0.06,21.30,34.24,1.86
04/04/2017,12.52,0.64,13.60,0.03,5.60,33.71,3.80
05/14/2010,12.55,1.08,12.00,0.20,10.20,33.50,6.11
07/18/2001,12.60,0.91,7.40,0.26,5.70,33.79,5.49
11/17/2002,12.60,0.83,5.80,0.26,5.10,33.37,5.58
04/08/2008,12.61,0.55,5.00,0.00,3.40,33.59,5.89
04/11/2003,12.62,0.85,6.90,0.15,5.20,33.65,5.48
07/08/2014,12.65,0.85,6.30,0.14,2.50,33.43,5.46
01/25/2011,12.66,0.95,9.80,0.07,9.90,33.65,5.11
07/05/2005,12.69,2.53,36.90,0.05,26.50,34.28,0.82
01/23/2015,12.70,0.41,6.00,0.10,1.40,33.39,5.88
04/15/2015,12.70,0.42,4.10,0.03,1.30,33.44,6.07
04/05/2019,12.71,2.08,30.60,0.03,23.00,33.98,0.85
11/19/2013,12.72,0.53,2.80,0.04,1.30,33.24,5.96
04/12/2006,12.74,0.61,1.20,0.13,6.30,33.34,6.73
06/17/2018,12.77,0.86,10.50,0.18,8.80,33.77,4.09
01/19/2001,12.78,0.69,10.00,0.18,5.90,33.42,5.55
01/22/2009,12.78,0.28,2.00,0.00,0.00,33.46,6.22
04/21/2003,12.79,0.69,3.70,0.08,2.60,33.25,6.05
01/31/2007,12.79,0.60,6.40,0.06,4.60,33.32,6.04
04/09/2013,12.80,0.41,3.10,0.04,0.30,33.40,5.94
01/18/2008,12.81,0.86,10.50,0.08,7.90,33.61,5.14
11/16/2014,12.82,0.64,2.80,0.09,3.20,33.41,5.83
11/15/2005,12.84,2.25,24.00,0.29,22.70,34.04,2.20
11/17/2004,12.85,0.79,6.00,0.08,4.70,33.56,5.30
02/06/2006,12.87,0.28,1.00,0.00,0.00,33.58,7.60
02/02/2002,12.88,0.85,6.70,0.08,5.60,33.47,5.84
04/08/2004,12.88,0.95,7.60,0.07,7.10,33.49,4.99
02/05/2006,12.89,0.28,1.00,0.00,0.00,33.57,7.58
01/23/2007,12.91,0.57,1.30,0.08,2.50,33.25,6.05
02/04/2014,12.94,0.74,4.10,0.07,0.90,33.19,5.94
04/07/2018,12.94,2.07,27.20,0.04,24.50,34.09,1.41
02/03/2003,12.97,0.60,3.20,0.12,1.70,33.43,5.68
02/12/2012,12.97,0.98,10.60,0.14,8.30,33.61,5.10
10/25/2006,12.98,0.56,6.20,0.08,6.30,33.44,6.23
08/18/2008,13.02,0.50,3.00,0.00,1.60,33.53,6.21
01/26/2007,13.03,0.55,1.00,0.07,2.10,33.24,6.04
11/07/2015,13.03,0.35,2.40,0.05,0.50,33.44,6.12
01/08/2016,13.03,0.43,3.90,0.06,1.60,33.35,5.50
01/13/2005,13.04,2.68,32.00,0.07,25.10,34.21,0.96
07/04/2000,13.08,0.35,5.00,0.00,0.00,33.49,6.20
02/04/2006,13.10,0.30,1.00,0.00,0.00,33.52,7.42
02/04/2006,13.10,0.30,1.00,0.00,0.00,33.52,7.42
07/25/2016,13.10,0.28,1.90,0.01,0.00,33.23,5.92
03/27/2008,13.11,0.77,6.00,0.00,6.50,33.49,5.64
11/06/2005,13.15,0.85,9.60,0.00,4.80,33.65,4.36
01/14/2009,13.15,0.83,10.00,0.17,7.30,33.58,5.22
10/23/2008,13.16,0.63,8.00,0.11,4.50,33.53,5.61
01/08/2005,13.18,0.62,4.20,0.08,1.40,33.59,5.63
04/23/2008,13.18,0.80,2.00,0.09,6.50,33.55,6.62
10/25/2000,13.20,0.53,7.00,0.00,3.10,33.36,6.04
07/16/2015,13.20,0.59,8.70,0.15,2.40,33.44,5.36
04/20/2018,13.20,0.34,4.50,0.00,0.00,33.54,5.33
04/06/2019,13.20,1.62,23.60,0.02,19.30,33.98,1.63
04/05/2014,13.21,0.64,3.00,0.10,1.90,33.58,5.75
02/02/2003,13.22,0.51,2.00,0.00,0.00,33.28,5.96
08/23/2008,13.23,1.08,11.00,0.00,6.20,33.58,5.04
07/07/2014,13.23,0.54,3.00,0.00,0.00,33.42,6.18
01/14/2005,13.24,1.86,18.00,0.03,18.70,33.93,2.50
04/07/2016,13.26,0.33,1.80,0.00,0.00,33.32,5.89
10/31/2003,13.28,0.62,3.60,0.11,1.70,33.46,5.73
03/14/2009,13.28,0.47,2.00,0.06,1.50,33.24,6.02
07/21/2003,13.30,0.56,2.90,0.04,0.80,33.59,6.19
04/16/2019,13.31,1.44,24.10,0.10,14.20,34.11,1.30
01/21/2000,13.38,0.40,7.00,0.05,1.80,33.57,5.89
07/24/2006,13.40,0.58,3.00,0.02,5.10,33.34,6.52
11/17/2019,13.41,0.49,3.90,0.08,0.60,33.44,5.90
04/06/2006,13.43,0.77,1.00,0.13,5.70,33.55,6.36
04/06/2006,13.43,0.77,1.00,0.13,5.70,33.55,6.35
10/15/2018,13.43,2.36,27.30,0.12,24.40,34.30,0.83
04/05/2006,13.45,0.77,1.00,0.12,5.70,33.55,6.42
04/05/2006,13.45,0.77,1.00,0.12,5.70,33.55,6.42
01/11/2009,13.45,0.80,9.00,0.02,6.60,33.47,5.42
07/12/2002,13.46,0.62,3.10,0.05,0.60,33.37,6.33
10/20/2003,13.46,0.67,3.30,0.04,1.00,33.58,5.99
04/18/2006,13.50,0.58,2.00,0.01,5.10,33.34,6.39
04/11/2006,13.51,0.50,0.10,0.11,5.50,33.34,6.70
07/06/2014,13.52,0.49,2.70,0.00,0.00,33.43,6.10
11/15/2007,13.53,0.28,2.10,0.00,0.00,33.15,6.18
07/12/2002,13.55,0.61,3.00,0.04,0.40,33.37,6.35
04/10/2006,13.56,0.50,0.00,0.12,5.50,33.34,6.68
04/17/2019,13.56,0.45,11.80,0.11,1.70,34.12,3.37
11/04/2019,13.56,0.28,3.70,0.01,0.90,33.51,5.79
04/11/2006,13.57,0.50,0.00,0.11,5.40,33.34,6.70
07/30/2003,13.58,0.65,3.00,0.04,0.60,33.58,6.04
11/15/2017,13.60,0.19,2.30,0.00,0.40,33.52,5.48
04/16/2000,13.62,0.45,12.00,0.11,4.00,33.54,6.02
07/26/2012,13.62,0.73,6.90,0.15,5.00,33.57,4.81
03/20/2009,13.65,0.69,5.00,0.02,4.30,33.53,5.68
04/06/2017,13.66,0.57,9.20,0.04,1.00,33.60,4.41
07/23/2015,13.68,0.37,6.00,0.02,0.00,33.40,5.92
04/07/2007,13.69,0.41,1.10,0.00,0.70,33.06,6.40
07/08/2005,13.70,0.57,5.20,0.09,1.70,33.83,5.39
08/04/2017,13.70,0.19,6.80,0.04,0.40,33.32,5.91
11/16/2005,13.71,1.06,9.70,0.05,8.40,33.87,4.73
04/05/2017,13.72,0.57,9.00,0.04,0.90,33.60,4.45
03/14/2009,13.73,0.36,2.00,0.02,0.40,33.21,6.13
11/15/2014,13.73,0.51,1.40,0.03,1.00,33.39,6.10
04/06/2019,13.73,0.98,14.90,0.03,8.70,33.98,2.82
04/12/2017,13.74,0.42,3.30,0.10,0.80,34.06,5.73
05/17/2010,13.76,1.02,11.00,0.17,9.30,33.35,6.09
01/16/2000,13.78,0.54,10.50,0.02,3.70,33.69,4.94
01/18/2016,13.78,0.36,2.80,0.05,0.00,33.47,5.75
10/13/2000,13.80,0.51,9.00,0.00,2.20,33.53,6.12
07/07/2002,13.80,0.58,3.00,0.04,0.70,33.41,6.39
04/20/2003,13.82,0.48,2.00,0.00,0.10,33.17,6.42
01/07/2004,13.83,1.08,10.70,0.25,7.50,33.76,4.98
04/10/2007,13.86,0.41,1.00,0.00,0.60,33.06,6.41
04/10/2000,13.87,0.61,4.00,0.00,0.40,33.41,4.89
04/19/2003,13.90,0.47,2.00,0.00,0.00,33.17,6.42
03/17/2009,13.91,0.33,2.00,0.02,0.30,33.24,6.06
11/03/2010,13.93,0.83,7.80,0.18,5.60,33.62,5.44
04/15/2005,13.96,0.75,6.90,0.07,5.20,33.72,4.02
11/05/2006,13.96,0.39,4.00,0.00,1.50,33.26,6.32
07/13/2012,13.98,0.50,3.80,0.07,3.40,33.63,6.32
06/13/2018,14.04,0.33,3.30,0.00,0.00,33.48,5.61
11/04/2005,14.05,0.68,7.00,0.14,2.20,33.64,5.18
10/24/2000,14.07,0.32,4.00,0.00,0.60,33.38,6.46
04/07/2008,14.08,0.72,2.00,0.09,5.70,33.55,6.37
07/18/2009,14.09,0.33,4.00,0.00,1.90,33.92,5.44
11/20/2016,14.09,0.24,2.00,0.00,0.00,33.17,6.09
02/05/2012,14.10,0.62,5.00,0.07,2.00,33.48,5.52
07/10/2000,14.11,0.32,6.00,0.00,0.00,33.44,6.03
08/15/2010,14.11,0.53,2.00,0.02,0.80,32.95,6.12
10/14/2018,14.11,2.21,24.50,0.12,23.00,34.25,1.07
01/25/2007,14.13,0.50,1.00,0.03,1.80,33.25,6.25
07/17/2001,14.14,0.64,4.60,0.24,2.10,33.67,5.72
08/16/2010,14.14,0.53,2.00,0.02,0.80,32.95,6.12
01/07/2001,14.15,0.40,3.00,0.00,0.00,33.15,6.16
01/15/2005,14.15,1.54,16.00,0.66,13.20,33.87,3.76
01/13/2008,14.16,0.30,2.00,0.00,0.00,33.63,6.66
07/18/2004,14.18,0.50,2.70,0.00,0.00,33.72,5.99
08/02/2010,14.23,0.48,1.70,0.01,0.20,33.13,5.70
04/21/2000,14.24,0.56,16.00,0.00,1.30,33.60,5.97
11/07/2001,14.31,0.95,3.20,0.06,1.30,33.47,6.39
02/01/2003,14.32,0.49,2.00,0.02,0.00,33.12,6.17
02/09/2006,14.36,0.75,5.80,0.02,3.30,33.72,4.92
01/31/2003,14.38,0.49,2.00,0.02,0.00,33.12,6.18
04/07/2018,14.38,1.95,23.20,0.08,23.20,34.10,1.70
11/04/2006,14.39,0.39,3.70,0.00,1.50,33.27,6.31
08/11/2011,14.39,0.49,1.20,0.02,1.00,33.24,5.86
01/16/2011,14.43,0.63,5.30,0.14,5.30,33.65,5.40
11/06/2010,14.44,0.72,6.30,0.11,3.50,33.60,5.68
02/11/2003,14.45,0.50,2.20,0.01,0.20,33.63,6.19
10/24/2006,14.45,0.30,4.00,0.00,3.10,33.42,6.40
05/02/2010,14.47,0.52,2.00,0.01,0.60,32.96,6.08
08/01/2011,14.49,0.74,6.70,0.20,5.00,33.66,5.14
11/06/2004,14.54,0.48,1.90,0.00,0.00,33.38,5.87
03/29/2004,14.55,0.51,2.20,0.00,0.30,33.42,5.92
11/23/2014,14.55,0.44,0.00,0.00,0.00,33.37,6.34
05/15/2010,14.56,0.98,9.00,0.15,8.40,33.25,6.07
05/16/2010,14.56,0.93,8.10,0.13,7.50,33.25,6.07
11/21/2013,14.56,0.42,1.70,0.00,0.00,33.22,6.07
07/13/2005,14.58,2.05,20.00,0.09,18.80,34.13,1.99
01/14/2010,14.59,0.55,2.00,0.01,1.70,33.24,6.05
01/15/2010,14.59,0.55,2.00,0.01,1.70,33.24,6.05
07/14/2005,14.62,2.00,19.50,0.10,18.10,34.11,2.11
04/19/2001,14.63,0.35,3.00,0.00,0.00,33.17,6.08
03/17/2009,14.65,0.28,2.00,0.00,0.00,33.16,6.12
03/28/2004,14.67,0.49,2.00,0.00,0.00,33.42,5.96
01/07/2016,14.70,0.24,1.90,0.00,0.00,33.36,5.91
07/19/2016,14.70,0.31,4.00,0.16,0.20,33.35,5.77
04/11/2007,14.72,0.39,1.30,0.00,0.20,32.99,6.24
02/01/2002,14.73,0.47,3.00,0.00,0.00,33.48,6.79
04/06/2001,14.75,0.35,3.00,0.00,0.00,33.33,6.07
01/09/2005,14.75,0.56,4.00,0.03,0.20,33.58,5.81
04/17/2011,14.75,0.49,2.00,0.04,0.70,33.53,5.90
01/15/2000,14.77,0.40,6.00,0.05,0.70,33.63,5.43
10/30/2003,14.77,0.47,1.00,0.00,0.00,33.42,5.92
05/02/2010,14.77,0.51,2.00,0.00,0.20,32.97,6.05
07/26/2016,14.77,0.24,1.00,0.01,0.00,33.19,6.12
04/29/2010,14.78,0.51,2.00,0.00,0.20,32.97,6.05
04/10/2001,14.80,0.32,3.00,0.00,0.00,33.31,5.78
10/18/2018,14.80,2.23,23.50,0.09,23.00,34.21,1.35
11/06/2016,14.81,0.28,3.00,0.10,0.00,33.37,5.95
04/27/2010,14.82,0.51,2.00,0.00,0.30,32.98,6.03
04/28/2010,14.82,0.51,2.00,0.00,0.30,32.98,6.03
06/16/2018,14.82,0.30,2.60,0.00,0.10,33.76,5.47
07/20/2003,14.84,0.44,2.00,0.00,0.00,33.35,6.42
01/27/2011,14.85,0.40,0.00,0.00,0.00,33.64,6.61
04/03/2016,14.86,0.24,1.00,0.01,0.00,33.19,6.13
01/06/2004,14.87,0.76,9.10,0.15,3.20,33.75,5.71
03/17/2009,14.87,0.36,1.00,0.02,0.20,33.27,6.16
03/09/2009,14.89,0.30,2.00,0.00,0.00,33.18,5.84
11/05/2010,14.89,0.62,5.00,0.05,1.70,33.58,5.90
03/18/2009,14.90,0.36,1.00,0.02,0.10,33.27,6.14
11/04/2010,14.90,0.62,5.00,0.05,1.70,33.58,5.88
02/05/2014,14.91,0.79,3.00,0.07,0.00,33.15,5.99
11/07/2010,14.95,0.66,5.00,0.04,1.60,33.56,5.71
11/08/2010,14.95,0.66,5.00,0.04,1.60,33.56,5.71
04/11/2003,14.99,0.50,2.10,0.01,0.10,33.61,6.04
07/24/2019,15.01,0.25,1.90,0.00,0.30,33.74,5.52
07/20/2013,15.02,0.47,1.10,0.00,0.00,33.28,6.11
10/19/2011,15.03,0.80,6.00,0.07,3.70,33.61,5.88
03/26/2008,15.06,0.36,1.00,0.00,0.00,33.58,6.59
04/09/2011,15.06,0.51,1.00,0.00,0.90,33.17,5.83
04/10/2011,15.06,0.51,1.00,0.00,0.90,33.17,5.83
04/20/2011,15.06,0.47,2.00,0.03,0.60,33.51,5.93
11/07/2016,15.06,0.27,3.00,0.10,0.00,33.37,5.93
04/11/2011,15.07,0.51,1.00,0.02,1.00,33.17,5.83
04/12/2011,15.07,0.51,1.00,0.02,1.00,33.17,5.83
04/13/2011,15.07,0.50,1.00,0.02,1.10,33.18,5.81
08/12/2011,15.07,0.50,1.00,0.02,1.10,33.20,5.80
02/08/2018,15.07,0.05,1.20,0.00,0.00,33.75,5.52
01/24/2007,15.08,0.44,1.00,0.02,1.50,33.28,6.42
04/07/2004,15.10,0.47,2.00,0.00,0.00,33.45,6.12
04/14/2017,15.10,0.32,1.90,0.00,0.00,33.86,6.08
11/05/2005,15.11,0.62,6.10,0.02,0.20,33.62,6.15
04/21/2011,15.11,0.48,2.00,0.03,0.60,33.50,5.93
03/25/2008,15.12,0.55,1.00,0.00,0.00,33.58,6.63
11/16/2002,15.13,0.52,1.10,0.01,0.10,33.36,5.92
04/22/2011,15.13,0.49,2.00,0.03,0.50,33.50,5.93
04/24/2011,15.13,0.49,3.00,0.04,0.50,33.51,5.91
08/11/2017,15.14,0.68,7.00,0.07,5.70,33.57,4.59
11/03/2007,15.16,0.32,2.10,0.00,0.00,33.12,5.73
11/17/2014,15.16,0.43,0.10,0.00,0.00,33.37,6.27
08/05/2017,15.17,0.17,2.00,0.00,0.00,33.29,6.12
03/16/2009,15.18,0.28,2.00,0.00,0.00,33.15,6.12
03/16/2009,15.20,0.33,2.00,0.00,0.00,33.15,5.33
04/07/2017,15.21,0.32,3.20,0.01,0.00,33.54,5.75
11/15/2002,15.22,0.51,1.00,0.00,0.00,33.36,5.92
04/27/2005,15.26,0.68,4.00,0.06,0.80,33.71,5.62
04/15/2013,15.26,0.40,1.00,0.00,0.00,33.38,5.84
10/27/2001,15.27,0.84,5.60,0.09,2.90,33.70,5.15
01/27/2011,15.27,0.38,0.00,0.00,0.00,33.64,6.86
01/28/2011,15.27,0.38,0.00,0.00,0.00,33.64,6.86
07/09/2014,15.31,0.39,2.00,0.00,0.00,33.45,7.10
04/15/2007,15.33,0.36,2.00,0.00,0.00,32.88,5.97
07/30/2009,15.35,0.28,2.00,0.00,0.00,33.12,6.08
04/05/2002,15.37,0.53,2.30,0.01,0.20,33.61,5.86
07/18/2016,15.39,0.30,4.50,0.09,0.10,33.40,5.93
10/18/2000,15.40,0.32,3.00,0.00,0.30,33.46,5.96
01/14/2000,15.43,0.30,4.40,0.02,0.20,33.62,5.67
03/21/2009,15.43,0.30,0.00,0.01,0.40,33.62,6.26
01/27/2007,15.44,0.41,1.00,0.01,0.90,33.23,6.07
02/04/2012,15.44,0.38,3.00,0.00,0.00,33.47,6.13
04/20/2000,15.46,0.51,16.00,0.00,0.60,33.60,6.02
03/27/2012,15.46,0.49,4.30,0.01,1.60,33.55,4.91
07/15/2005,15.47,0.98,9.00,0.38,4.70,33.83,4.51
01/14/2013,15.47,0.45,2.10,0.09,2.30,33.60,5.29
01/19/2016,15.48,0.26,1.00,0.04,0.00,33.44,5.95
04/10/2013,15.50,0.41,1.00,0.00,0.00,33.38,5.83
01/18/2001,15.54,0.32,2.00,0.00,0.00,33.49,5.98
04/10/2016,15.57,0.28,1.00,0.00,0.00,33.30,5.95
11/17/2007,15.58,0.30,2.00,0.00,0.00,33.11,5.85
11/05/2007,15.59,0.33,2.00,0.00,0.00,33.11,5.73
11/16/2017,15.59,0.08,1.10,0.00,0.00,33.50,5.94
10/23/2006,15.60,0.39,3.00,0.00,1.40,33.39,6.29
01/22/2015,15.60,0.19,3.80,0.04,0.70,33.42,5.91
07/06/2007,15.61,0.33,1.00,0.00,0.00,32.84,6.01
01/20/2016,15.63,0.26,1.00,0.04,0.00,33.44,5.97
03/26/2012,15.64,0.47,4.00,0.00,1.30,33.55,4.91
04/08/2008,15.66,0.22,0.00,0.00,0.00,33.59,6.50
01/10/2009,15.66,0.33,1.00,0.00,0.00,33.52,6.13
03/22/2009,15.66,0.30,1.00,0.00,0.00,33.53,6.16
03/08/2009,15.68,0.28,2.00,0.00,0.00,33.11,5.71
04/05/2018,15.73,1.43,14.60,0.06,15.50,34.12,2.49
11/02/2006,15.74,0.44,3.00,0.00,1.30,33.28,6.20
11/03/2006,15.74,0.44,3.00,0.00,1.30,33.28,6.20
08/27/2008,15.75,0.28,2.00,0.00,0.00,33.12,5.95
04/18/2013,15.75,0.42,1.00,0.00,0.00,33.39,5.81
03/27/2004,15.76,0.44,2.00,0.00,0.00,33.49,6.02
07/05/2007,15.76,0.31,1.50,0.00,0.00,32.84,5.93
01/23/2008,15.77,0.25,1.00,0.00,0.00,33.60,6.53
04/19/2013,15.77,0.42,1.00,0.00,0.00,33.39,5.81
04/06/2008,15.78,0.22,0.00,0.00,0.00,33.61,6.52
11/11/2015,15.78,0.31,5.00,0.02,0.00,33.38,5.98
04/16/2013,15.79,0.42,1.00,0.00,0.00,33.40,5.83
04/17/2013,15.79,0.42,1.00,0.00,0.00,33.40,5.83
08/06/2017,15.79,0.16,2.20,0.00,0.00,33.31,6.06
11/18/2004,15.81,0.44,1.10,0.00,0.00,33.52,6.04
04/13/2017,15.81,0.24,1.00,0.00,0.00,33.64,6.22
04/20/2018,15.81,0.20,1.20,0.00,0.00,33.52,5.91
07/09/2006,15.84,0.30,2.00,0.01,0.00,32.87,5.78
07/08/2006,15.85,0.30,2.00,0.01,0.00,32.83,6.37
07/12/2006,15.85,0.30,2.00,0.01,0.00,32.81,6.30
07/13/2006,15.85,0.30,2.00,0.01,0.10,32.81,6.30
11/18/2007,15.85,0.30,2.00,0.00,0.00,33.11,5.82
07/16/2009,15.85,0.39,3.00,0.00,0.00,33.60,6.08
07/14/2006,15.86,0.30,2.00,0.00,0.60,32.81,6.29
07/17/2006,15.86,0.30,2.00,0.00,0.60,32.81,6.29
07/13/2013,15.88,0.45,1.00,0.00,0.00,33.24,6.01
04/18/2001,15.89,0.32,3.00,0.00,0.00,33.23,5.92
07/16/2001,15.89,0.51,3.10,0.18,0.10,33.53,5.90
07/14/2013,15.89,0.45,1.00,0.00,0.00,33.24,6.01
04/13/2001,15.91,0.32,3.00,0.00,0.80,33.46,5.94
04/10/2002,15.91,0.55,2.50,0.01,0.60,33.63,6.05
07/07/2007,15.92,0.28,2.00,0.00,0.00,32.84,5.86
07/15/2004,15.93,0.44,1.00,0.00,0.00,33.52,6.05
10/29/2003,15.94,0.47,1.00,0.00,0.00,33.40,5.83
07/17/2005,15.94,0.44,2.10,0.01,0.00,33.48,5.92
10/30/2000,15.95,0.45,2.00,0.00,0.00,33.43,5.93
04/14/2007,15.96,0.30,2.00,0.00,0.00,32.87,5.86
11/06/2007,15.96,0.29,2.00,0.00,0.00,33.08,5.63
11/09/2007,15.96,0.30,2.00,0.00,0.00,33.07,5.64
11/11/2007,15.96,0.30,2.00,0.00,0.00,33.07,5.64
11/07/2007,15.97,0.28,2.00,0.00,0.00,33.08,5.61
11/08/2007,15.97,0.28,2.00,0.00,0.00,33.08,5.61
03/28/2002,16.00,0.62,2.50,0.02,0.50,33.54,6.11
07/14/2012,16.01,0.32,2.00,0.00,0.00,33.46,6.83
11/14/2002,16.02,0.51,1.90,0.00,0.00,33.41,5.96
11/18/2019,16.03,0.31,2.90,0.00,0.00,33.46,6.13
11/07/2004,16.04,0.40,1.00,0.00,0.00,33.41,6.02
07/22/2009,16.05,0.25,2.00,0.00,0.00,33.09,5.84
07/15/2001,16.07,0.51,3.00,0.17,0.00,33.52,5.92
07/15/2013,16.08,0.45,1.00,0.00,0.00,33.20,5.97
10/12/2000,16.09,0.32,4.00,0.00,0.60,33.62,6.00
07/10/2005,16.09,0.44,2.00,0.01,0.00,33.46,5.93
04/19/2005,16.11,0.48,2.00,0.00,0.00,33.70,5.21
01/17/2011,16.11,0.36,0.00,0.00,0.10,33.64,5.60
06/13/2018,16.11,0.35,2.00,0.00,0.00,33.45,6.04
01/30/2003,16.12,0.49,2.00,0.01,0.00,33.18,5.80
06/30/2007,16.12,0.30,2.00,0.00,0.00,33.11,5.78
07/01/2007,16.12,0.30,2.00,0.00,0.00,33.11,5.78
01/17/2011,16.12,0.34,0.00,0.00,0.10,33.64,5.84
04/03/2012,16.15,0.40,1.40,0.03,2.70,33.64,5.71
02/10/2003,16.16,0.48,2.00,0.00,0.00,33.60,6.05
01/31/2002,16.19,0.42,5.00,0.01,0.00,33.59,6.67
04/14/2000,16.21,0.32,6.00,0.00,0.30,33.67,5.97
04/15/2000,16.21,0.43,6.00,0.00,0.30,33.67,6.02
11/06/2001,16.21,1.00,2.10,0.03,0.10,33.51,5.95
07/17/2016,16.22,0.28,5.00,0.01,0.00,33.43,6.05
11/05/2019,16.22,0.17,2.50,0.00,0.40,33.53,5.67
07/18/2014,16.23,0.26,3.00,0.03,0.00,33.54,6.20
08/19/2008,16.24,0.44,3.00,0.00,0.80,33.59,6.13
03/11/2009,16.25,0.30,2.00,0.00,0.00,33.15,5.70
10/19/2018,16.25,1.82,16.60,0.25,17.90,34.17,1.75
07/15/2012,16.27,0.34,2.00,0.00,0.00,33.46,6.82
07/26/2009,16.30,0.22,2.00,0.00,0.00,33.12,5.88
07/13/2000,16.31,0.35,4.00,0.00,0.70,33.57,6.00
11/18/2005,16.31,0.54,2.00,0.00,0.00,33.70,5.90
07/21/2004,16.35,0.42,1.00,0.00,0.00,33.51,6.09
04/01/2008,16.35,0.14,0.00,0.00,0.00,33.60,6.29
08/26/2008,16.35,0.30,2.00,0.00,0.00,33.13,5.77
07/17/2013,16.35,0.45,1.00,0.00,0.00,33.17,5.92
11/13/2002,16.36,0.51,2.00,0.00,0.00,33.43,5.91
07/26/2009,16.37,0.25,2.00,0.00,0.00,33.13,5.99
07/28/2009,16.37,0.25,2.00,0.00,0.00,33.13,6.01
10/26/2001,16.38,0.76,4.60,0.08,1.70,33.70,5.54
11/05/2001,16.38,1.00,2.00,0.03,0.00,33.51,5.89
03/25/2012,16.39,0.32,2.00,0.00,0.00,33.54,4.89
03/28/2012,16.39,0.32,2.00,0.00,0.00,33.54,4.89
07/16/2013,16.42,0.45,1.10,0.00,0.00,33.17,5.91
11/03/2003,16.43,0.55,8.10,0.08,0.80,33.75,6.36
11/17/2005,16.43,0.54,2.00,0.00,0.00,33.70,5.90
01/23/2001,16.44,0.35,2.00,0.00,0.00,33.46,5.78
07/20/2004,16.44,0.42,1.00,0.00,0.00,33.50,6.09
11/04/2001,16.46,0.63,2.00,0.00,0.10,33.51,5.81
08/01/2010,16.51,0.42,1.00,0.02,0.20,33.11,5.69
01/17/2001,16.52,0.32,2.00,0.00,0.20,33.53,5.82
11/25/2002,16.53,0.49,2.00,0.01,0.00,33.22,5.62
04/08/2000,16.54,0.29,3.00,0.00,0.30,33.53,5.81
04/09/2000,16.54,0.29,3.00,0.00,0.30,33.53,6.19
01/16/2001,16.54,0.27,2.00,0.00,0.00,33.53,5.76
01/21/2001,16.54,0.27,2.00,0.00,0.00,33.49,5.75
01/22/2001,16.54,0.27,2.00,0.00,0.00,33.49,5.84
01/13/2000,16.57,0.24,4.00,0.00,0.00,33.61,5.89
04/09/2001,16.57,0.59,3.00,0.00,0.00,33.42,5.87
04/09/2001,16.57,0.35,3.00,0.00,0.00,33.42,5.76
04/06/2014,16.57,0.41,0.90,0.00,0.00,33.60,5.98
08/01/2009,16.58,0.28,2.00,0.00,0.00,33.14,5.76
07/30/2010,16.58,0.42,1.00,0.00,0.00,33.11,5.77
07/31/2010,16.58,0.42,1.00,0.00,0.00,33.11,5.77
07/31/2009,16.59,0.28,2.00,0.00,0.00,33.14,5.77
08/02/2009,16.59,0.28,2.00,0.00,0.00,33.14,5.80
07/19/2009,16.60,0.22,2.00,0.00,0.00,33.50,6.05
11/02/2003,16.62,0.54,8.00,0.07,0.70,33.75,6.42
11/12/2002,16.63,0.51,2.00,0.00,0.00,33.45,5.87
08/03/2010,16.63,0.44,1.00,0.00,0.00,33.11,5.72
10/26/2011,16.64,0.68,2.80,0.00,0.50,33.58,5.84
11/11/2002,16.65,0.51,2.00,0.00,0.00,33.45,5.86
10/19/2008,16.67,0.25,1.00,0.00,0.00,33.50,6.36
08/04/2010,16.67,0.45,1.00,0.00,0.00,33.11,5.67
02/10/2018,16.67,0.04,0.30,0.00,0.00,33.75,5.83
07/08/2007,16.68,0.28,2.00,0.00,0.00,32.85,5.87
08/05/2010,16.68,0.45,1.00,0.00,0.00,33.11,5.67
11/11/2013,16.69,1.01,3.00,0.06,0.00,33.13,5.66
07/21/2019,16.70,0.39,1.40,0.08,0.20,33.51,5.34
07/22/2015,16.72,0.17,6.00,0.00,0.00,33.43,6.43
10/23/2000,16.73,0.27,3.00,0.00,0.30,33.41,5.81
11/24/2002,16.73,0.49,2.00,0.02,0.00,33.26,5.55
08/08/2010,16.73,0.42,1.00,0.01,0.00,33.11,5.70
08/09/2010,16.73,0.42,1.00,0.01,0.00,33.11,5.70
11/23/2002,16.74,0.49,2.00,0.02,0.00,33.26,5.55
10/20/2018,16.74,1.02,8.00,0.30,9.30,34.15,3.55
07/09/2000,16.76,0.32,3.00,0.00,0.00,33.56,5.76
11/10/2002,16.76,0.49,2.00,0.00,0.00,33.45,6.14
11/10/2013,16.76,0.93,3.00,0.03,0.00,33.13,5.65
07/11/2001,16.78,0.32,3.00,0.00,0.00,33.68,5.78
07/08/2000,16.80,0.21,3.00,0.00,0.00,33.56,5.76
01/13/2001,16.82,0.27,2.00,0.00,0.00,33.72,5.82
07/06/2002,16.82,0.52,2.00,0.02,0.00,33.43,5.67
07/21/2009,16.82,0.30,2.00,0.00,0.00,33.13,5.70
11/09/2013,16.82,0.82,3.00,0.01,0.00,33.13,5.64
04/09/2002,16.83,0.51,2.00,0.00,0.00,33.63,5.95
10/25/2001,16.84,0.72,4.10,0.09,1.00,33.70,5.84
04/10/2003,16.84,0.47,2.00,0.00,0.00,33.60,5.78
11/12/2013,16.84,0.81,2.90,0.03,0.00,33.13,5.61
07/03/2000,16.85,0.35,5.00,0.00,0.00,33.57,5.85
07/26/2001,16.85,0.72,4.00,0.09,0.90,33.70,5.87
07/24/2009,16.85,0.30,2.00,0.00,0.00,33.13,5.70
07/02/2000,16.87,0.21,5.00,0.00,0.10,33.58,5.85
04/07/2019,16.88,0.42,4.30,0.01,0.10,33.99,4.82
07/18/2013,16.89,0.45,2.00,0.00,0.00,33.16,5.86
07/19/2013,16.89,0.45,2.00,0.00,0.00,33.16,5.86
07/11/2002,16.92,0.52,2.00,0.01,0.00,33.40,5.68
01/19/2008,16.92,0.22,0.50,0.00,0.00,33.61,6.49
04/11/2001,16.93,0.35,3.00,0.00,1.10,33.44,5.74
04/12/2001,16.93,0.29,2.00,0.00,1.80,33.44,5.79
04/12/2001,16.93,0.27,3.00,0.00,1.50,33.45,5.72
04/17/2001,16.95,0.32,3.00,0.00,0.00,33.27,5.72
10/17/2000,16.98,0.32,3.00,0.00,0.30,33.49,5.75
11/22/2002,16.98,0.49,2.00,0.00,0.00,33.28,5.67
10/16/2000,16.99,0.27,3.00,0.00,0.30,33.48,5.74
11/13/2013,17.00,0.76,2.00,0.21,0.00,33.14,5.42
11/14/2013,17.00,0.76,2.00,0.21,0.00,33.14,5.42
04/07/2019,17.00,0.41,4.00,0.01,0.00,33.99,4.91
07/11/2002,17.01,0.56,2.00,0.00,0.00,33.42,5.69
11/24/2013,17.01,0.42,1.00,0.00,0.00,33.22,5.63
11/12/2015,17.01,0.21,4.60,0.01,0.00,33.40,6.07
04/16/2001,17.03,0.35,3.00,0.00,0.00,33.27,5.73
01/20/2000,17.05,0.29,4.00,0.00,0.10,33.63,5.77
04/04/2002,17.05,0.51,2.00,0.00,0.00,33.59,5.83
07/05/2002,17.05,0.51,2.00,0.03,0.00,33.45,5.58
01/12/2001,17.06,0.29,2.00,0.00,0.00,33.67,5.77
07/10/2001,17.07,0.24,3.00,0.00,0.00,33.65,5.80
07/04/2002,17.07,0.40,2.00,0.01,0.00,33.45,5.71
11/19/2005,17.07,0.51,2.00,0.00,0.00,33.64,5.94
07/25/2001,17.08,0.68,3.00,0.04,0.90,33.71,5.79
11/20/2013,17.08,0.41,1.00,0.00,0.00,33.22,5.62
11/08/2015,17.10,0.24,2.00,0.01,0.00,33.43,5.93
07/29/2003,17.13,0.45,2.00,0.00,0.00,33.58,5.81
01/15/2013,17.13,0.33,0.60,0.04,0.90,33.59,5.34
11/22/2013,17.14,0.40,1.00,0.00,0.00,33.23,5.61
04/09/2002,17.15,0.51,2.00,0.00,0.00,33.62,5.76
04/08/2002,17.16,0.51,2.00,0.00,0.00,33.62,5.74
02/10/2006,17.16,0.42,2.00,0.00,0.00,33.85,5.53
02/08/2019,17.17,0.46,6.10,0.10,0.00,34.13,4.27
01/12/2000,17.18,0.16,3.00,0.00,0.00,33.61,5.89
06/18/2018,17.18,0.20,1.00,0.00,0.00,33.76,5.84
11/23/2013,17.19,0.40,1.00,0.00,0.00,33.23,5.61
11/22/2017,17.19,0.09,1.00,0.00,0.00,33.49,5.94
10/21/2012,17.20,0.23,1.10,0.00,0.10,33.65,5.64
04/22/2018,17.20,0.11,1.00,0.00,0.20,33.51,6.05
07/11/2005,17.21,0.41,2.70,0.01,0.00,33.58,5.85
02/09/2018,17.21,0.00,0.00,0.00,0.00,33.75,5.84
07/14/2001,17.22,0.75,3.00,0.09,0.40,33.55,5.81
11/19/2009,17.22,0.28,2.00,0.00,0.00,33.64,5.52
04/20/2005,17.24,0.44,2.00,0.00,0.00,33.68,5.59
10/29/2000,17.25,0.67,3.00,0.00,0.00,33.37,5.72
04/23/2001,17.25,0.37,3.00,0.00,0.00,33.26,5.71
04/19/2003,17.25,0.49,1.00,0.00,0.00,33.32,6.08
10/21/2000,17.35,0.27,3.00,0.00,0.30,33.44,5.78
04/19/2005,17.35,0.44,2.00,0.00,0.00,33.68,5.51
07/12/2015,17.35,0.24,2.00,0.01,0.00,33.43,5.90
04/01/2016,17.36,0.26,1.00,0.00,0.00,33.27,5.67
03/26/2004,17.38,0.46,2.90,0.00,0.00,33.53,5.85
07/17/2009,17.42,0.30,2.00,0.00,0.10,33.35,5.70
11/12/2009,17.44,0.33,3.00,0.02,0.30,33.62,5.79
07/20/2016,17.44,0.24,4.00,0.00,0.00,33.41,5.92
11/17/2017,17.44,0.12,1.00,0.00,0.00,33.51,5.91
02/07/2019,17.44,0.46,6.00,0.10,0.00,34.13,4.28
11/08/2009,17.46,0.28,3.00,0.01,0.20,33.66,5.74
04/17/2015,17.47,0.23,1.10,0.00,0.00,33.51,5.82
07/14/2019,17.48,0.24,2.30,0.00,0.00,33.47,6.07
07/08/2013,17.49,0.40,1.00,0.00,0.00,33.23,5.60
07/09/2013,17.49,0.40,1.00,0.00,0.00,33.23,5.60
07/25/2019,17.49,0.13,0.00,0.00,0.00,33.74,5.84
01/23/2009,17.50,0.25,1.00,0.00,0.00,33.56,5.87
04/08/2017,17.50,0.28,3.60,0.01,0.00,33.57,5.69
04/21/2018,17.51,0.11,1.00,0.00,0.20,33.54,6.02
04/22/2001,17.54,0.40,3.00,0.00,0.00,33.27,5.70
01/11/2000,17.55,0.18,3.00,0.00,0.00,33.62,5.83
01/11/2001,17.56,0.29,2.00,0.00,0.00,33.52,5.77
08/02/2011,17.56,0.35,0.70,0.01,0.20,33.63,3.70
10/28/2000,17.59,0.45,3.00,0.00,0.00,33.35,5.75
04/18/2003,17.59,0.49,1.00,0.00,0.00,33.39,6.00
02/09/2003,17.60,0.47,2.00,0.00,0.00,33.58,5.76
07/19/2003,17.60,0.48,2.00,0.00,0.00,33.46,5.73
10/24/2008,17.60,0.28,1.00,0.00,0.00,33.62,6.00
11/20/2005,17.62,0.49,2.00,0.00,0.00,33.71,5.92
01/10/2001,17.64,0.35,3.00,0.00,0.00,33.32,5.69
07/15/2009,17.68,0.28,0.00,0.00,0.00,33.60,5.52
11/15/2009,17.68,0.28,3.00,0.01,0.20,33.66,5.81
01/11/2009,17.71,0.22,1.00,0.00,0.00,33.62,5.91
02/01/2015,17.71,0.28,0.50,0.00,0.00,33.68,5.93
04/09/2003,17.72,0.48,1.50,0.00,0.00,33.61,5.62
01/19/2000,17.73,0.29,5.00,0.00,0.10,33.63,5.74
02/08/2003,17.73,0.47,2.00,0.00,0.00,33.58,5.72
07/20/2014,17.73,0.23,2.50,0.01,0.00,33.57,6.03
11/21/2016,17.74,0.17,1.50,0.00,0.00,33.44,5.70
01/24/2008,17.75,0.19,0.00,0.00,0.00,33.61,6.45
04/17/2003,17.78,0.49,1.00,0.00,0.00,33.46,5.93
04/08/2002,17.79,0.47,2.00,0.00,0.00,33.63,5.74
04/16/2003,17.80,0.49,1.00,0.00,0.00,33.46,5.92
08/22/2008,17.80,0.17,2.00,0.00,0.00,33.56,6.57
04/11/2016,17.81,0.33,1.00,0.00,0.00,33.29,5.60
07/16/2012,17.82,0.49,2.00,0.00,0.00,33.46,6.64
07/18/2012,17.82,0.49,2.00,0.00,0.00,33.46,6.64
04/06/2018,17.83,0.78,7.00,0.33,5.90,34.14,4.04
08/21/2008,17.84,0.17,2.00,0.00,0.00,33.56,6.52
02/07/2003,17.89,0.42,2.00,0.00,0.00,33.58,5.63
07/17/2003,17.90,0.47,2.00,0.00,0.00,33.49,5.70
07/18/2003,17.90,0.47,2.00,0.00,0.00,33.49,5.69
07/16/2005,17.90,0.65,5.00,0.17,0.20,33.91,4.96
11/07/2009,17.90,0.39,3.00,0.00,0.30,33.71,5.85
01/10/2000,17.91,0.19,3.00,0.00,0.00,33.62,5.66
10/27/2011,17.94,0.38,1.40,0.00,0.30,33.59,6.07
01/09/2000,17.95,0.19,3.00,0.00,0.00,33.62,5.64
11/03/2015,17.96,0.17,4.00,0.01,0.00,33.42,6.17
04/04/2015,18.00,0.27,1.00,0.01,0.00,33.64,5.96
04/16/2003,18.01,0.49,2.00,0.00,0.00,33.44,5.79
10/28/2003,18.01,0.47,1.40,0.00,0.00,33.45,5.62
10/22/2018,18.04,0.69,4.10,0.44,3.60,34.17,4.39
08/17/2008,18.07,0.22,2.00,0.00,0.00,33.59,6.00
11/05/2012,18.07,0.29,1.40,0.02,0.40,33.57,6.19
07/19/2004,18.08,0.42,1.00,0.00,0.00,33.52,5.79
11/08/2004,18.10,0.47,2.00,0.00,0.00,33.47,5.69
04/04/2002,18.14,0.51,2.00,0.00,0.00,33.58,5.71
04/02/2016,18.14,0.25,1.00,0.00,0.00,33.31,5.54
01/29/2008,18.15,0.17,0.00,0.00,0.00,33.61,6.30
11/07/2019,18.15,0.13,2.00,0.00,0.00,33.54,5.57
07/28/2003,18.16,0.45,2.00,0.00,0.00,33.61,5.68
11/08/2019,18.18,0.13,1.70,0.01,0.00,33.54,5.55
02/03/2012,18.19,0.16,0.00,0.00,0.00,33.52,6.30
04/03/2002,18.22,0.49,2.00,0.00,0.00,33.58,5.63
04/03/2002,18.22,0.51,2.00,0.00,0.00,33.58,5.70
10/27/2003,18.22,0.47,1.00,0.00,0.00,33.47,5.62
01/17/2009,18.22,0.22,2.00,0.00,0.10,33.62,6.06
02/08/2002,18.25,0.47,1.00,0.00,0.00,33.61,5.72
01/24/2015,18.25,0.04,2.00,0.00,0.00,33.45,5.95
02/09/2002,18.26,0.47,2.00,0.00,0.00,33.61,5.79
01/12/2009,18.28,0.36,1.00,0.00,0.00,33.66,5.82
04/07/2014,18.28,0.35,0.30,0.00,0.00,33.61,5.74
11/09/2019,18.28,0.16,1.00,0.03,0.00,33.54,5.52
11/12/2019,18.28,0.16,1.00,0.03,0.00,33.54,5.52
07/11/2019,18.29,0.20,2.00,0.00,0.00,33.49,5.93
07/12/2019,18.29,0.20,2.00,0.00,0.00,33.50,5.71
07/13/2019,18.29,0.20,2.00,0.00,0.00,33.49,6.02
07/14/2004,18.32,0.46,1.00,0.00,0.00,33.51,5.94
02/12/2006,18.33,0.20,1.10,0.00,0.00,34.02,5.62
08/05/2011,18.38,0.27,0.00,0.00,0.00,33.63,2.88
10/29/2011,18.38,0.47,0.00,0.00,0.10,33.60,6.25
10/31/2011,18.38,0.47,0.00,0.00,0.10,33.60,6.25
10/28/2011,18.39,0.29,0.00,0.00,0.10,33.61,6.28
10/30/2011,18.39,0.31,0.00,0.00,0.10,33.61,6.28
10/27/2018,18.39,0.44,7.00,0.00,0.10,34.33,3.68
01/25/2015,18.43,0.11,1.00,0.00,0.00,33.46,5.83
04/08/2003,18.46,0.49,1.00,0.00,0.00,33.62,5.50
01/18/2013,18.48,0.23,1.00,0.00,0.00,33.58,5.61
01/19/2013,18.48,0.23,1.00,0.00,0.00,33.58,5.61
01/16/2013,18.49,0.23,0.00,0.00,0.00,33.59,5.36
01/17/2013,18.49,0.23,0.10,0.00,0.00,33.59,5.39
04/04/2016,18.50,0.24,1.00,0.00,0.00,33.35,5.50
04/05/2016,18.50,0.26,1.00,0.00,0.00,33.35,5.50
04/07/2003,18.53,0.49,1.00,0.00,0.00,33.62,5.49
01/21/2016,18.53,0.23,1.50,0.03,0.00,33.45,5.54
08/16/2008,18.56,0.22,1.00,0.00,0.00,33.62,6.01
07/20/2009,18.57,0.25,2.00,0.00,0.00,33.55,5.62
11/08/2005,18.61,0.57,5.10,0.00,0.00,33.71,5.93
02/11/2006,18.61,0.42,1.00,0.00,0.00,34.11,5.58
08/04/2011,18.65,0.29,0.00,0.01,0.00,33.63,5.97
11/10/2015,18.65,0.20,3.00,0.01,0.00,33.46,5.97
07/26/2019,18.68,0.31,1.00,0.00,0.00,33.53,5.30
07/27/2003,18.69,0.47,2.00,0.00,0.00,33.65,5.58
07/20/2009,18.69,0.25,2.00,0.00,0.10,33.54,5.55
07/23/2009,18.69,0.25,2.00,0.00,0.00,33.54,5.51
04/16/2017,18.70,0.24,1.00,0.00,0.00,33.44,5.69
07/26/2003,18.72,0.47,2.00,0.00,0.00,33.65,5.57
07/28/2004,18.72,0.42,1.50,0.00,0.00,33.54,5.69
04/14/2014,18.77,0.29,0.90,0.00,0.00,33.74,6.10
10/26/2003,18.78,0.47,2.00,0.00,0.00,33.47,5.51
01/14/2008,18.82,0.22,1.00,0.00,0.00,33.69,5.65
07/23/2019,18.82,0.24,1.00,0.00,0.00,33.53,5.48
03/25/2004,18.85,0.49,3.90,0.00,0.00,33.58,5.65
02/13/2006,18.90,0.40,1.00,0.00,0.00,33.99,5.57
04/29/2005,18.95,0.45,2.00,0.00,0.00,33.67,5.77
07/12/2005,18.95,0.37,4.70,0.01,0.00,33.75,5.77
04/06/2003,18.96,0.47,1.00,0.00,0.00,33.63,5.48
11/09/2004,18.96,0.46,1.40,0.00,0.00,33.51,5.54
03/24/2004,18.98,0.49,4.00,0.00,0.00,33.59,5.63
07/25/2003,18.99,0.47,2.00,0.00,0.00,33.66,5.54
10/19/2012,18.99,0.14,0.00,0.00,0.10,33.66,5.15
10/20/2012,18.99,0.14,0.00,0.00,0.10,33.66,5.54
10/30/2008,19.01,0.22,0.00,0.00,0.00,33.57,5.95
04/21/2005,19.03,0.45,2.00,0.00,0.00,33.60,5.49
10/23/2012,19.03,0.16,0.00,0.00,0.00,33.66,5.42
10/24/2012,19.03,0.16,0.00,0.00,0.00,33.66,5.42
07/12/2015,19.03,0.19,1.50,0.02,0.00,33.48,5.72
01/10/2005,19.04,0.38,2.00,0.00,0.00,33.62,5.68
04/08/2016,19.05,0.34,1.50,0.00,0.00,33.38,5.43
03/23/2004,19.07,0.51,4.00,0.00,0.00,33.60,5.57
04/06/2004,19.09,0.44,2.50,0.00,0.00,33.58,5.46
07/22/2004,19.09,0.42,2.00,0.00,0.00,33.56,5.64
07/23/2004,19.09,0.42,2.00,0.00,0.00,33.56,5.65
04/04/2014,19.17,0.20,2.00,0.00,0.00,33.63,5.68
10/25/2008,19.18,0.25,1.00,0.00,0.00,33.64,5.44
06/19/2018,19.18,0.17,1.00,0.00,0.00,33.70,5.84
10/17/2008,19.19,0.22,2.00,0.00,0.00,33.58,5.68
11/11/2017,19.25,0.11,1.00,0.00,0.00,33.80,5.62
11/18/2014,19.26,0.37,1.00,0.00,0.00,33.51,5.75
11/19/2014,19.26,0.37,1.00,0.00,0.00,33.51,5.75
04/18/2015,19.26,0.21,1.00,0.00,0.00,33.57,5.51
01/22/2016,19.30,0.24,2.00,0.03,0.00,33.46,5.38
01/23/2016,19.30,0.24,2.00,0.03,0.00,33.46,5.36
11/01/2003,19.31,0.40,5.00,0.00,0.00,33.67,5.69
10/30/2015,19.31,0.24,2.00,0.02,0.00,33.46,5.24
01/24/2016,19.31,0.24,2.00,0.02,0.00,33.46,5.24
04/09/2014,19.38,0.32,0.00,0.00,0.00,33.63,5.51
04/17/2014,19.38,0.32,0.00,0.00,0.00,33.63,5.51
01/11/2016,19.38,0.22,2.00,0.00,0.00,33.39,5.39
11/10/2016,19.39,0.15,2.00,0.01,0.00,33.41,5.43
01/16/2005,19.40,0.49,10.00,0.01,0.00,34.01,6.12
04/08/2014,19.41,0.34,0.00,0.00,0.00,33.63,5.49
04/10/2014,19.41,0.34,0.00,0.00,0.00,33.63,5.49
04/22/2005,19.43,0.47,2.00,0.00,0.00,33.59,4.97
04/25/2005,19.44,0.47,2.00,0.00,0.00,33.58,5.27
01/12/2016,19.44,0.20,1.50,0.00,0.00,33.39,5.38
01/18/2009,19.46,0.30,0.00,0.00,0.00,33.61,5.79
04/14/2018,19.46,0.26,2.00,0.40,0.60,34.10,4.81
01/13/2016,19.50,0.17,1.00,0.00,0.00,33.41,5.37
11/11/2004,19.51,0.44,1.00,0.00,0.00,33.56,5.45
08/15/2017,19.52,0.34,6.00,0.98,1.20,33.62,4.68
11/10/2004,19.55,0.44,1.00,0.00,0.00,33.56,5.44
11/11/2016,19.57,0.16,2.00,0.01,0.00,33.45,5.40
11/12/2016,19.58,0.17,2.00,0.01,0.00,33.49,5.41
11/13/2016,19.58,0.17,2.00,0.01,0.00,33.50,5.40
11/14/2016,19.58,0.17,2.00,0.01,0.00,33.50,5.40
11/12/2004,19.59,0.44,2.00,0.00,0.00,33.56,5.41
01/17/2004,19.60,0.42,6.00,0.04,0.00,33.50,5.66
02/14/2006,19.60,0.41,1.60,0.00,0.00,33.87,5.46
01/30/2012,19.60,0.20,0.00,0.00,0.10,33.66,5.80
01/18/2004,19.61,0.42,6.00,0.00,0.00,33.70,5.65
07/13/2004,19.61,0.49,1.00,0.00,0.00,33.52,5.77
07/16/2004,19.61,0.44,2.00,0.00,0.00,33.52,5.42
04/02/2012,19.61,0.16,0.00,0.00,0.10,33.66,5.81
04/13/2018,19.62,0.25,2.00,0.38,0.60,34.10,4.82
01/15/2016,19.68,0.17,1.00,0.00,0.00,33.41,5.17
08/13/2017,19.70,0.33,6.00,1.02,1.00,33.62,4.68
07/13/2016,19.75,0.13,1.00,0.00,0.00,33.53,5.35
08/09/2017,19.77,0.13,2.00,0.00,0.00,33.42,5.47
04/17/2017,19.80,0.24,1.70,0.00,0.00,33.49,5.53
04/04/2004,19.81,0.44,2.00,0.00,0.00,33.63,5.47
04/05/2004,19.81,0.44,2.00,0.00,0.00,33.63,5.39
07/12/2016,19.82,0.15,1.00,0.00,0.00,33.54,5.34
04/12/2016,19.85,0.35,2.00,0.00,0.00,33.46,5.33
04/15/2016,19.85,0.35,2.00,0.00,0.00,33.46,5.33
04/14/2016,19.87,0.33,2.00,0.00,0.00,33.46,5.32
04/16/2016,19.87,0.33,2.00,0.00,0.00,33.46,5.32
11/18/2009,19.89,0.28,2.00,0.00,0.00,33.66,5.53
04/09/2017,19.91,0.24,5.00,0.02,0.00,33.63,5.38
07/03/2005,20.03,0.50,2.00,0.00,0.00,33.81,5.55
04/19/2015,20.09,0.20,1.00,0.00,0.00,33.63,5.32
07/08/2015,20.16,0.17,1.00,0.01,0.00,33.56,5.52
07/09/2015,20.16,0.17,1.00,0.01,0.00,33.56,5.52
07/11/2015,20.16,0.15,1.00,0.02,0.00,33.55,5.56
10/28/2018,20.17,0.39,3.40,0.00,0.00,34.34,4.45
01/17/2015,20.22,0.15,1.00,0.00,0.00,33.65,5.34
01/18/2015,20.22,0.15,1.00,0.00,0.00,33.65,5.34
08/08/2017,20.25,0.13,2.00,0.00,0.00,33.49,5.33
10/29/2012,20.30,0.25,0.00,0.01,0.10,33.59,5.67
10/30/2012,20.31,0.25,0.00,0.01,0.10,33.59,5.66
02/15/2006,20.33,0.42,2.00,0.00,0.00,33.78,5.34
10/31/2012,20.35,0.25,0.00,0.00,0.10,33.62,5.62
11/02/2012,20.35,0.25,0.00,0.00,0.10,33.62,5.62
02/02/2015,20.37,0.22,0.00,0.00,0.00,33.69,5.50
01/07/2005,20.38,0.42,2.00,0.00,0.00,33.68,5.33
04/30/2005,20.38,0.44,2.00,0.00,0.00,33.69,5.34
04/15/2017,20.39,0.24,2.00,0.00,0.00,33.53,5.45
04/18/2017,20.39,0.24,1.90,0.00,0.00,33.54,5.45
04/19/2017,20.40,0.26,1.00,0.00,0.00,33.55,5.43
04/20/2017,20.40,0.26,1.00,0.00,0.00,33.55,5.43
07/10/2014,20.41,0.33,1.00,0.00,0.00,33.56,5.76
01/17/2005,20.49,0.63,11.00,0.01,0.00,34.04,6.29
01/11/2005,20.53,0.35,2.00,0.00,0.00,33.69,5.37
01/12/2005,20.53,0.35,2.00,0.00,0.00,33.69,5.39
08/07/2017,20.68,0.13,2.00,0.00,0.00,33.55,5.21
08/10/2017,20.68,0.14,2.00,0.00,0.00,33.55,5.21
08/12/2017,20.68,0.20,2.00,0.00,0.20,33.56,5.23
08/16/2017,20.68,0.20,2.00,0.00,0.20,33.56,5.23
02/17/2006,20.75,0.40,1.00,0.00,0.00,33.80,5.31
11/18/2017,20.75,0.09,1.00,0.00,0.00,33.63,5.22
11/19/2017,20.75,0.09,1.00,0.00,0.00,33.66,5.21
11/20/2017,20.75,0.04,1.00,0.00,0.00,33.67,5.20
01/12/2017,20.81,0.16,2.00,0.00,0.00,33.63,5.30
01/14/2017,20.81,0.15,2.00,0.00,0.00,33.64,5.30
01/15/2017,20.81,0.15,2.00,0.00,0.00,33.64,5.30
04/04/2019,20.81,0.17,1.00,0.00,0.00,33.83,5.51
01/11/2017,20.82,0.17,2.00,0.00,0.00,33.63,5.31
01/13/2017,20.82,0.17,2.00,0.00,0.00,33.63,5.31
01/16/2017,20.82,0.17,2.00,0.00,0.00,33.64,5.27
01/17/2017,20.82,0.17,2.00,0.00,0.00,33.64,5.27
04/08/2015,20.83,0.22,1.00,0.01,0.00,33.66,5.30
04/09/2015,20.83,0.22,1.00,0.01,0.00,33.66,5.30
04/10/2015,20.83,0.22,1.00,0.00,0.00,33.67,5.33
04/12/2015,20.83,0.22,1.00,0.00,0.00,33.67,5.33
11/11/2014,20.89,0.33,1.00,0.00,0.00,33.67,5.32
08/13/2017,20.90,0.14,6.00,0.11,0.00,33.68,4.99
03/31/2017,20.92,0.17,6.00,0.05,0.00,33.68,5.00
04/01/2017,20.92,0.15,6.00,0.06,0.00,33.68,5.01
08/14/2017,20.92,0.13,6.00,0.06,0.00,33.68,5.00
04/08/2018,21.03,0.22,2.00,0.00,0.00,34.04,5.34
06/14/2018,21.09,0.20,1.00,0.00,0.00,33.64,5.41
04/11/2017,21.13,0.28,5.00,0.03,0.00,33.72,5.23
04/13/2014,21.15,0.23,0.00,0.00,0.00,33.78,5.52
04/15/2014,21.15,0.23,0.00,0.00,0.00,33.78,5.52
01/31/2014,21.19,0.23,0.00,0.00,0.00,33.78,5.50
04/16/2014,21.19,0.23,0.00,0.00,0.00,33.78,5.50
06/24/2018,21.27,0.17,1.50,0.00,0.00,33.71,5.39
04/08/2019,21.34,0.23,1.90,0.00,0.00,34.25,5.45
06/11/2018,21.35,0.35,1.00,0.00,0.00,34.34,4.96
11/10/2017,21.51,0.20,1.00,0.00,0.00,33.87,5.16
11/09/2017,21.66,0.11,0.30,0.00,0.00,33.91,5.13
07/13/2005,21.71,0.37,8.00,0.01,0.00,33.97,5.40
04/08/2018,21.71,0.21,1.50,0.00,0.00,34.01,5.23
11/12/2017,21.72,0.02,0.00,0.00,0.00,33.94,5.12
11/13/2017,21.74,0.07,1.00,0.00,0.00,33.93,5.12
02/01/2018,21.88,0.10,1.00,0.00,0.00,33.77,5.09
02/02/2018,21.89,0.02,1.00,0.00,0.00,33.84,5.09
02/03/2018,21.89,0.02,1.00,0.00,0.00,33.84,5.09
11/09/2005,21.90,0.52,4.10,0.00,0.00,33.83,5.25
02/04/2018,21.92,0.00,1.00,0.00,0.00,33.84,5.09
02/05/2018,21.92,0.00,1.00,0.00,0.00,33.84,5.09
04/18/2005,22.00,0.33,3.00,0.01,0.00,34.07,5.64
11/10/2005,22.20,0.51,4.00,0.00,0.00,33.84,5.16
11/13/2005,22.22,0.42,3.00,0.00,0.00,33.84,5.12
04/08/2018,22.32,0.20,1.00,0.00,0.00,34.00,5.14
04/09/2018,22.32,0.20,1.00,0.00,0.00,34.00,5.14
04/10/2018,22.33,0.17,1.00,0.00,0.00,33.97,5.12
04/10/2018,22.33,0.17,1.00,0.00,0.00,33.97,5.12
07/02/2005,22.38,0.51,2.00,0.00,0.00,33.93,5.15
06/20/2018,22.59,0.17,2.00,0.00,0.00,33.73,5.04
07/01/2005,22.61,0.47,2.00,0.00,0.00,34.07,5.09
06/14/2018,22.61,0.20,1.00,0.00,0.00,33.73,5.02
06/21/2018,22.64,0.17,2.00,0.00,0.00,33.58,5.03
04/11/2018,22.66,0.15,1.00,0.00,0.00,34.20,5.04
04/11/2018,22.74,0.16,1.00,0.00,0.00,34.20,5.04
04/04/2019,22.91,0.17,1.00,0.00,0.00,33.91,5.20
10/21/2018,22.95,0.32,0.90,0.03,0.00,34.33,5.21
06/15/2018,23.00,0.20,2.00,0.00,0.00,33.73,5.01
04/12/2018,23.27,0.22,1.00,0.00,0.00,34.22,5.02
04/15/2018,23.31,0.22,1.00,0.00,0.00,34.22,5.02
06/11/2018,23.32,0.22,0.50,0.01,0.10,34.37,4.90
04/16/2018,23.65,0.22,1.00,0.00,0.00,34.24,5.02
04/16/2018,23.69,0.21,1.00,0.00,0.00,34.24,5.01
04/17/2018,23.95,0.17,1.00,0.00,0.00,34.25,4.93
04/18/2018,23.95,0.17,1.00,0.00,0.00,34.25,4.93
04/11/2019,23.95,0.17,0.90,0.00,0.00,34.43,5.08
04/02/2019,24.08,0.15,1.00,0.00,0.00,33.98,4.87
04/03/2019,24.08,0.15,1.00,0.00,0.00,33.98,4.87
04/03/2019,24.08,0.17,1.00,0.00,0.00,33.98,4.98
02/12/2019,24.59,0.26,1.00,0.08,0.00,34.21,4.92
10/23/2018,24.61,0.28,0.20,0.03,0.00,34.44,5.03
06/10/2018,24.92,0.13,0.00,0.02,0.10,34.42,4.85
02/09/2019,24.94,0.25,1.00,0.08,0.00,34.31,4.86
06/09/2018,25.18,0.17,0.00,0.00,0.00,34.44,4.80
06/12/2018,25.18,0.15,0.00,0.00,0.00,34.44,4.80
02/10/2019,25.26,0.24,1.00,0.08,0.00,34.40,4.80
02/11/2019,25.27,0.25,1.10,0.08,0.00,34.40,4.80
10/16/2018,25.33,0.31,2.00,0.09,0.00,34.40,4.79
10/17/2018,25.33,0.31,2.00,0.09,0.00,34.40,4.79
10/24/2018,25.41,0.26,0.00,0.03,0.00,34.54,4.78
10/29/2018,25.41,0.25,0.00,0.03,0.00,34.54,4.78
04/08/2019,25.41,0.13,0.00,0.00,0.00,34.60,4.74
04/14/2019,25.41,0.13,0.00,0.00,0.00,34.60,4.74
10/25/2018,25.42,0.20,0.00,0.03,0.00,34.55,4.78
10/26/2018,25.42,0.20,0.00,0.03,0.00,34.55,4.78
04/10/2019,25.42,0.13,0.00,0.00,0.00,34.60,4.76
04/13/2019,25.42,0.13,0.00,0.00,0.00,34.60,4.76
